Group Name,Aviary Name,Cage,Species Name,Ring no,Gender,Proven,Bird status
Conure,Sun Conure,A01,Janday Conure,GF0407,Male,Proven,Hold
Conure,Sun Conure,A01,Janday Conure,GF0403,Female,Proven,Hold
Conure,Sun Conure,A02,Sun Conure,CKRB157,Male,Proven,Hold
Conure,Sun Conure,A02,Sun Conure,GB3071,Female,Proven,Hold
Conure,Sun Conure,A03,Sun Conure,GB2825,Female,Proven,Hold
Conure,Sun Conure,A03,Sun Conure,GB3195,Male,Proven,Hold
Conure,Sun Conure,A05,Sun Conure,CKRC332,Female,Proven,Hold
Conure,Sun Conure,A05,Sun Conure,CKRD282,Male,Proven,Hold
Conure,Sun Conure,A06,Sun Conure,GB3070,Female,Proven,Hold
Conure,Sun Conure,A06,Sun Conure,CKRB130,Male,Proven,Hold
Conure,Sun Conure,A07,Sun Conure,GB3204,Male,Proven,Hold
Conure,Sun Conure,A08,Sun Conure,GB2805,Male,Proven,Hold
Conure,Sun Conure,A08,Sun Conure,GB2915,Female,Proven,Hold
Conure,Sun Conure,A09,Sun Conure,CKR07,NA,Proven,Hold
Conure,Sun Conure,A09,Sun Conure,MVR504,NA,Proven,Hold
Conure,Sun Conure,A10,Sun Conure,GB2872,Male,Proven,Hold
Conure,Sun Conure,A10,Sun Conure,CKRB115,Female,Proven,Hold
Conure,Sun Conure,A11,Sun Conure,CKRD1203,Male,Proven,Hold
Conure,Sun Conure,A11,Sun Conure,CKRD344,Female,Proven,Hold
Conure,Sun Conure,A12,Sun Conure,GB2905,Male,Proven,Hold
Conure,Sun Conure,A13,Sun Conure,GB3107,Female,Proven,Hold
Conure,Sun Conure,A13,Sun Conure,NORING,NA,Proven,Hold
Conure,Sun Conure,A14,Sun Conure,GB3124,Female,Proven,Hold
Conure,Sun Conure,A14,Sun Conure,GB2787,Male,Proven,Hold
Conure,Sun Conure,A15,Sun Conure,CKRD314,Male,Proven,Hold
Conure,Sun Conure,A15,Sun Conure,CKRD290,Female,Proven,Hold
Conure,Sun Conure,A16,Sun Conure,GB2855,Female,Proven,Hold
Conure,Sun Conure,A16,Sun Conure,GB3023,Male,Proven,Hold
Conure,Sun Conure,A17,Sun Conure,CKRD287,Female,Proven,Hold
Conure,Sun Conure,A17,Sun Conure,CKRC350,Male,Proven,Hold
Conure,Sun Conure,A18,Sun Conure,GB3174,Male,Proven,Hold
Conure,Sun Conure,A18,Sun Conure,GB3198,Female,Proven,Hold
Conure,Sun Conure,A19,Sun Conure,GB3072,Female,Proven,Hold
Conure,Sun Conure,A19,Sun Conure,GB2896,Male,Proven,Hold
Conure,Sun Conure,A20,Sun Conure,GB2791,Female,Proven,Hold
Conure,Sun Conure,A20,Sun Conure,GB2941,Male,Proven,Hold
Conure,Sun Conure,A21,Sun Conure,CKRC337,Male,Proven,Hold
Conure,Sun Conure,A21,Sun Conure,CKRC340,Female,Proven,Hold
Conure,Sun Conure,A22,Sun Conure,GB2785,Female,Proven,Hold
Conure,Sun Conure,A22,Sun Conure,GB2783,Male,Proven,Hold
Conure,Sun Conure,A23,Sun Conure,GB3022,Male,Proven,Hold
Conure,Sun Conure,A23,Sun Conure,GB2781,female,Proven,Hold
Conure,Sun Conure,A24,Sun Conure,CKR190,Male,Proven,Hold
Conure,Sun Conure,A24,Sun Conure,CKR2788,Female,Proven,Hold
Conure,Sun Conure,A25,Sun Conure,GB2879,Male,Proven,Hold
Conure,Sun Conure,A25,Sun Conure,GB3175,Female,Proven,Hold
Conure,Sun Conure,A26,Sun Conure,GB2926,Female,Proven,Hold
Conure,Sun Conure,A26,Sun Conure,GB3223,Male,Proven,Hold
Conure,Sun Conure,A27,Janday Conure,CKRA137,Male,Proven,Hold
Conure,Sun Conure,A28,Sun Conure,GB2996,Male,Proven,Hold
Conure,Sun Conure,A28,Sun Conure,GB3165,Female,Proven,Hold
Conure,Sun Conure,A29,Sun Conure,GB2778,Female,Proven,Hold
Conure,Sun Conure,A29,Sun Conure,GB2873,Male,Proven,Hold
Conure,Sun Conure,A30,Sun Conure,GB2865,Male,Proven,Hold
Conure,Sun Conure,A30,Sun Conure,GB3180,Female,Proven,Hold
Conure,Sun Conure,A31,Sun Conure,GB2875,Male,Proven,Hold
Conure,Sun Conure,A31,Sun Conure,GB3215,Female,Proven,Hold
Conure,Sun Conure,A32,Sun Conure,CKRC339,Male,Proven,Hold
Conure,Sun Conure,A32,Sun Conure,CKRD317,Female,Proven,Hold
Conure,Sun Conure,A33,Janday Conure,CKRB170,Female,Proven,Hold
Conure,Sun Conure,A33,Janday Conure,CKRC245,Male,Proven,Hold
Conure,Sun Conure,A34,Sun Conure,GB2639,Male,Proven,Hold
Conure,Sun Conure,A34,Sun Conure,GB2659,Female,Proven,Hold
Conure,Sun Conure,A35,Sun Conure,CKRC324,Female,Proven,Hold
Conure,Sun Conure,A35,Sun Conure,CKRD843,Male,Proven,Hold
Conure,Sun Conure,A36,Sun Conure,CKRC251,Male,Proven,Hold
Conure,Sun Conure,A36,Sun Conure,CKRC256,Female,Proven,Hold
Conure,Sun Conure,A37,Sun Conure,CKR278,NA,Proven,Hold
Conure,Sun Conure,A37,Sun Conure,JB03-067,NA,Proven,Hold
Conure,Sun Conure,A38,Janday Conure,CKRA143,Male,Proven,Hold
Conure,Sun Conure,A38,Janday Conure,GB3339,Female,Proven,Hold
Conure,Sun Conure,A39,Sun Conure,CKRD1064,Female,Proven,Hold
Conure,Sun Conure,A39,Sun Conure,CKRD233,Male,Proven,Hold
Conure,Sun Conure,A40,Sun Conure,VRS66,Male,Proven,Hold
Conure,Sun Conure,A41,Sun Conure,GB2719,Male,Proven,Hold
Conure,Sun Conure,A41,Sun Conure,GB2955,Female,Proven,Hold
Conure,Sun Conure,A42,Sun Conure,GB2649,Female,Proven,Hold
Conure,Sun Conure,A42,Sun Conure,GB2895,Male,Proven,Hold
Parrot,Sun Conure,A43,Caique,CKR30,Male,Proven,Hold
Parrot,Sun Conure,A43,Caique,CKRB196,Female,Proven,Hold
Conure,Sun Conure,A44,Sun Conure,GB3076,Female,Proven,Hold
Conure,Sun Conure,A44,Sun Conure,GB3220,Male,Proven,Hold
Conure,Sun Conure,A45,Sun Conure,CKRD293,Female,Proven,Hold
Conure,Sun Conure,A45,Sun Conure,CKRC133,Male,Proven,Hold
Conure,Sun Conure,A46,Sun Conure,CKRB191,Female,Proven,Hold
Conure,Sun Conure,A46,Sun Conure,GB3211,Male,Proven,Hold
Conure,Sun Conure,A47,Sun Conure,CKRD372,Male,Proven,Hold
Conure,Sun Conure,A48,Sun Conure,CKRC325,Male,Proven,Hold
Conure,Sun Conure,A48,Sun Conure,CKRC331,Female,Proven,Hold
Conure,Sun Conure,A49,Sun Conure,CKRD1221,Female,Proven,Hold
Conure,Sun Conure,A49,Sun Conure,CKRD1213,Male,Proven,Hold
Conure,Sun Conure,A50,Sun Conure,CKRD161,Female,Proven,Hold
Conure,Sun Conure,A50,Sun Conure,CKRD894,Male,Proven,Hold
Conure,Sun Conure,A51,Sun Conure,CKRD214,Female,Proven,Hold
Conure,Sun Conure,A51,Sun Conure,CKRD303,Male,Proven,Hold
Conure,Sun Conure,A52,Sun Conure,GB2602,Female,Proven,Hold
Conure,Sun Conure,A52,Sun Conure,GB2773,Male,Proven,Hold
Conure,Sun Conure,A53,Janday Conure,CKRC141,Female,Proven,Hold
Conure,Sun Conure,A53,Janday Conure,JF405,Male,Proven,Hold
Conure,Sun Conure,A54,Sun Conure,GB2790,Female,Proven,Hold
Conure,Sun Conure,A54,Sun Conure,SATHISH16,Male,Proven,Hold
Conure,Sun Conure,A55,Sun Conure,GB3186,Male,Proven,Hold
Conure,Sun Conure,A55,Sun Conure,SATHISH18,Female,Proven,Hold
Conure,Sun Conure,A56,Sun Conure,GB2898,Male,Proven,Hold
Conure,Sun Conure,A56,Sun Conure,GB2933,Female,Proven,Hold
Conure,Sun Conure,B01,Sun Conure,GB2725,Female,Proven,Hold
Conure,Sun Conure,B01,Sun Conure,GB2765,Male,Proven,Hold
Conure,Sun Conure,B02,Sun Conure,CKRC221,Male,Proven,Hold
Conure,Sun Conure,B02,Sun Conure,CKRD316,Female,Proven,Hold
Conure,Sun Conure,B03,Sun Conure,GB2871,Female,Proven,Hold
Conure,Sun Conure,B03,Sun Conure,GB3167,Male,Proven,Hold
Conure,Sun Conure,B04,Sun Conure,CKRD216,Male,Proven,Hold
Conure,Sun Conure,B04,Sun Conure,CKRD1380,Female,Proven,Hold
Parrot,Sun Conure,B05,Red Belly,CKRB211,,Proven,Hold
Parrot,Sun Conure,B05,Red Belly,266,,Proven,Hold
Conure,Sun Conure,B06,Sun Conure,GB3059,,Proven,Hold
Conure,Sun Conure,B06,Sun Conure,CPC143,,Proven,Hold
Conure,Sun Conure,B07,Sun Conure,CKRB131,,Proven,Hold
Conure,Sun Conure,B07,Sun Conure,GB3096,,Proven,Hold
Parrot,Sun Conure,B08,Cape Parrot,CKR52,,Proven,Hold
Parrot,Sun Conure,B08,Cape Parrot,CKRA061,,Proven,Hold
Conure,Sun Conure,B09,Sun Conure,GB3213,,Proven,Hold
Conure,Sun Conure,B10,Sun Conure,GB3222,,Proven,Hold
Conure,Sun Conure,B10,Sun Conure,GB2899,,Proven,Hold
Conure,Sun Conure,B11,Sun Conure,GB2754,,Proven,Hold
Conure,Sun Conure,B11,Sun Conure,GB2759,,Proven,Hold
Conure,Sun Conure,B12,Sun Conure,GB2701,,Proven,Hold
Conure,Sun Conure,B12,Janday Conure,GB3332,,Proven,Hold
Conure,Sun Conure,B13,Sun Conure,GB3097,,Proven,Hold
Conure,Sun Conure,B13,Sun Conure,GB2810,,Proven,Hold
Conure,Sun Conure,B14,Sun Conure,GB2698,,Proven,Hold
Conure,Sun Conure,B14,Sun Conure,GB2780,,Proven,Hold
Conure,Sun Conure,B15,Janday Conure,GB3333,,Proven,Hold
Conure,Sun Conure,B15,Janday Conure,CKRC258,,Proven,Hold
Conure,Sun Conure,B16,Sun Conure,ACEIND153,,Proven,Hold
Conure,Sun Conure,B16,Sun Conure,CKRD300,,Proven,Hold
Conure,Sun Conure,B17,Sun Conure,GB2718,,Proven,Hold
Conure,Sun Conure,B17,Sun Conure,GB2891,,Proven,Hold
Conure,Sun Conure,B18,Sun Conure,GB2767,,Proven,Hold
Conure,Sun Conure,B18,Sun Conure,NAGU14,,Proven,Hold
Conure,Sun Conure,B19,Sun Conure,GB3168,,Proven,Hold
Conure,Sun Conure,B19,Sun Conure,GB2819,,Proven,Hold
Conure,Sun Conure,B20,Sun Conure,GB2815,,single,Hold
Conure,Sun Conure,B21,Sun Conure,GB3116,,Proven,Hold
Conure,Sun Conure,B21,Sun Conure,GB3127,,Proven,Hold
Conure,Sun Conure,B22,Sun Conure,GB2714,,Proven,Hold
Conure,Sun Conure,B22,Sun Conure,GB2747,,Proven,Hold
Conure,Sun Conure,B23,Sun Conure,GB2735,,Proven,Hold
Conure,Sun Conure,B24,Sun Conure,GB2636,,Proven,Hold
Conure,Sun Conure,B24,Janday Conure,GB3334,,Proven,Hold
Conure,Sun Conure,B25,Sun Conure,GB3099,,Proven,Hold
Conure,Sun Conure,B25,Sun Conure,GB2853,,Proven,Hold
Conure,Sun Conure,B26,Sun Conure,GB2892,,Proven,Hold
Conure,Sun Conure,B26,Sun Conure,GB2932,,Proven,Hold
Conure,Sun Conure,B27,Sun Conure,CKRB184,,Proven,Hold
Conure,Sun Conure,B27,Sun Conure,GB2730,,Proven,Hold
Conure,Sun Conure,B28,Sun Conure,GB2724,,Proven,Hold
Conure,Sun Conure,B28,Sun Conure,GB2942,,Proven,Hold
Conure,Sun Conure,B29,Sun Conure,GB2700,,Proven,Hold
Conure,Sun Conure,B29,Sun Conure,GB2807,,Proven,Hold
Conure,Sun Conure,B30,Sun Conure,GB2702,,Proven,Hold
Conure,Sun Conure,B30,Sun Conure,GB2823,,Proven,Hold
Conure,Sun Conure,B31,Sun Conure,CKR279,,Proven,Hold
Conure,Sun Conure,B31,Sun Conure,CKRA442,,Proven,Hold
Conure,Sun Conure,B32,Sun Conure,GB2874,,Proven,Hold
Conure,Sun Conure,B32,Sun Conure,GB3126,,Proven,Hold
Conure,Sun Conure,B33,Janday Conure,CKR53,,Proven,Hold
Conure,Sun Conure,B33,Janday Conure,CKRB136,,Proven,Hold
Conure,Sun Conure,B35,Sun Conure,GB2827,,Proven,Hold
Conure,Sun Conure,B36,Sun Conure,GB2937,,Proven,Hold
Conure,Sun Conure,B36,Sun Conure,GB2939,,Proven,Hold
Conure,Sun Conure,B37,Sun Conure,CKRC276,,Proven,Hold
Conure,Sun Conure,B37,Sun Conure,GB2894,,Proven,Hold
Conure,Sun Conure,B38,Sun Conure,GB3047,,Proven,Hold
Conure,Sun Conure,B38,Janday Conure,GB3323,,Proven,Hold
Conure,Sun Conure,B39,Sun Conure,CKR153,,Proven,Hold
Conure,Sun Conure,B39,Sun Conure,GB2956,,Proven,Hold
Conure,Sun Conure,B40,Sun Conure,GB2893,,Proven,Hold
Conure,Sun Conure,B40,Sun Conure,GB3080,,Proven,Hold
Conure,Sun Conure,B41,Sun Conure,GB2914,,Proven,Hold
Conure,Sun Conure,B41,Sun Conure,GB3068,,Proven,Hold
Conure,Sun Conure,B42,Sun Conure,CKRD320,,Proven,Hold
Conure,Sun Conure,B42,Sun Conure,CKRD1381,,Proven,Hold
Conure,Sun Conure,B43,Crimson Bellied conure,HAISHL066,,Proven,Hold
Conure,Sun Conure,B43,Crimson Bellied conure,SIVA529,,Proven,Hold
Conure,Sun Conure,B44,Red Fronted Conure,CKR373,,Proven,Hold
Conure,Sun Conure,B44,Red Fronted Conure,JJC005,,Proven,Hold
Conure,Sun Conure,B45,Sun Conure,GB3196,,Proven,Hold
Conure,Sun Conure,B45,Sun Conure,GB3208,,Proven,Hold
Conure,Sun Conure,B46,Nanday Conure,CKR078,,Proven,Hold
Conure,Sun Conure,B46,Nanday Conure,CKRB047,,Proven,Hold
Conure,Sun Conure,B47,Sun Conure,GB2822,,Proven,Hold
Conure,Sun Conure,B47,Sun Conure,GB2631,,Proven,Hold
Conure,Sun Conure,B48,Nanday Conure,CKRA167,,Proven,Hold
Conure,Sun Conure,B48,Nanday Conure,CKRB139&133,,Proven,Hold
Conure,Sun Conure,B49,Nansun Conure,CKRB232,,Proven,Hold
Conure,Sun Conure,B49,Nansun Conure,CKRB237,,Proven,Hold
Pionus,Sun Conure,B50,Bronze wing pionus,JK012(OR)7,,Proven,Hold
Pionus,Sun Conure,B50,Bronze wing pionus,LV0880H1,,Proven,Hold
Conure,Sun Conure,B51,Nanday Conure,CKRB046,,Proven,Hold
Conure,Sun Conure,B51,Nanday Conure,CKRB193,,Proven,Hold
Conure,Sun Conure,B52,Nanday Conure,CKR374,,Proven,Hold
Conure,Sun Conure,B52,Nanday Conure,CKRA169,,Proven,Hold
Conure,Sun Conure,B53,Sun Conure,GB2736,,Proven,Hold
Conure,Sun Conure,B54,Sun Conure,CKRD315,,Proven,Hold
Conure,Sun Conure,B54,Sun Conure,CKRD1073,,Proven,Hold
Conure,Sun Conure,B55,Nansun Conure,CKRC252,,Proven,Hold
Conure,Sun Conure,B56,Sun Conure,GB2571,,Proven,Hold
Conure,Sun Conure,B56,Sun Conure,GB2689,,Proven,Hold
Conure,Cockatoo,C01,Sun Conure,CKRE1604,,Semi Adult,Hold
Conure,Cockatoo,C01,Sun Conure,CKRE1553,,Semi Adult,Hold
Conure,Cockatoo,C01,Sun Conure,CKRE1077,,Semi Adult,Hold
Conure,Cockatoo,C01,Sun Conure,CKRD1261,,Semi Adult,Hold
Conure,Cockatoo,C01,Sun Conure,CKRE1969,,Semi Adult,Hold
Conure,Cockatoo,C01,Sun Conure,CKRD1252,,Semi Adult,Hold
Conure,Cockatoo,C01,Sun Conure,CKRE1267,,Semi Adult,Hold
Conure,Cockatoo,C01,Sun Conure,CKRE1722,,Semi Adult,Hold
Conure,Cockatoo,C01,Sun Conure,CKRE1332,,Semi Adult,Hold
Conure,Cockatoo,C01,Sun Conure,CKRE1329,,Semi Adult,Hold
Conure,Cockatoo,C03,Sun Conure,CKRE1972,,Semi Adult,Hold
Conure,Cockatoo,C03,Sun Conure,CKRE1326,,Semi Adult,Hold
Conure,Cockatoo,C03,Sun Conure,CKRE1611,,Semi Adult,Hold
Conure,Cockatoo,C03,Sun Conure,CKRE1612,,Semi Adult,Hold
Conure,Cockatoo,C03,Sun Conure,CKRE1334,,Semi Adult,Hold
Conure,Cockatoo,C03,Sun Conure,CKRE1966,,Semi Adult,Hold
Conure,Cockatoo,C03,Sun Conure,CKRE1957,,Semi Adult,Hold
Conure,Cockatoo,C03,Sun Conure,CKRE1258,,Semi Adult,Hold
Conure,Cockatoo,C03,Sun Conure,CKRE1609,,Semi Adult,Hold
Conure,Cockatoo,C03,Sun Conure,CKRE1134,,Semi Adult,Hold
Conure,Cockatoo,C04,Sun Conure,CKRE1586,,Semi Adult,Hold
Conure,Cockatoo,C04,Sun Conure,CKRE1581,,Semi Adult,Hold
Conure,Cockatoo,C04,Sun Conure,CKRE1551,,Semi Adult,Hold
Conure,Cockatoo,C04,Sun Conure,CKRE1301,,Semi Adult,Hold
Conure,Cockatoo,C04,Sun Conure,CKRF118,,Semi Adult,Hold
Conure,Cockatoo,C04,Sun Conure,CKRE1324,,Semi Adult,Hold
Conure,Cockatoo,C04,Sun Conure,CKRE1951,,Semi Adult,Hold
Conure,Cockatoo,C04,Sun Conure,CKRE1076,,Semi Adult,Hold
Conure,Cockatoo,C04,Sun Conure,CKRF200,,Semi Adult,Hold
Conure,Cockatoo,C05,Sun Conure,CKRE1273,,Semi Adult,Hold
Conure,Cockatoo,C05,Sun Conure,CKRE1314,,Semi Adult,Hold
Conure,Cockatoo,C05,Sun Conure,CKRF105,,Semi Adult,Hold
Conure,Cockatoo,C05,Sun Conure,CKRF125,,Semi Adult,Hold
Conure,Cockatoo,C05,Sun Conure,CKRF1327,,Semi Adult,Hold
Conure,Cockatoo,C05,Sun Conure,CKRF111,,Semi Adult,Hold
Conure,Cockatoo,C05,Sun Conure,NORING,,Semi Adult,Hold
Conure,Cockatoo,C05,Sun Conure,CKRF194,,Semi Adult,Hold
Conure,Cockatoo,C05,Sun Conure,CKRE2036,,Semi Adult,Hold
Conure,Cockatoo,C06,Sun Conure,CKRF195,,Semi Adult,Hold
Conure,Cockatoo,C06,Sun Conure,CKRF158,,Semi Adult,Hold
Conure,Cockatoo,C06,Sun Conure,CKRF988,,Semi Adult,Hold
Conure,Cockatoo,C06,Sun Conure,CKRF904,,Semi Adult,Hold
Conure,Cockatoo,C06,Sun Conure,CKRF846,,Semi Adult,Hold
Conure,Cockatoo,C06,Sun Conure,CKRF835,,Semi Adult,Hold
Conure,Cockatoo,C06,Sun Conure,CKRF845,,Semi Adult,Hold
Conure,Cockatoo,C06,Sun Conure,CKRF814,,Semi Adult,Hold
Conure,Cockatoo,C06,Sun Conure,CKRF190,,Semi Adult,Hold
Conure,Cockatoo,C06,Sun Conure,CKRF874,,Semi Adult,Hold
Conure,Cockatoo,C08,Sun Conure,CKRE1302,,Semi Adult,Hold
Conure,Cockatoo,C08,Sun Conure,CKRE1988,,Semi Adult,Hold
Conure,Cockatoo,C08,Sun Conure,CKRE1599,,Semi Adult,Hold
Conure,Cockatoo,C08,Sun Conure,CKRF720,,Semi Adult,Hold
Conure,Cockatoo,C08,Sun Conure,CKRF913,,Semi Adult,Hold
Conure,Cockatoo,C08,Sun Conure,CKRE1281,,Semi Adult,Hold
Conure,Cockatoo,C08,Sun Conure,CKRE1643,,Semi Adult,Hold
Conure,Cockatoo,C08,Sun Conure,CKRE1068,,Semi Adult,Hold
Conure,Cockatoo,C08,Sun Conure,CKRE1482,,Semi Adult,Hold
Conure,Cockatoo,C11,Sun Conure,CKRE2106,,Semi Adult,Hold
Conure,Cockatoo,C11,Sun Conure,CKRE2074,,Semi Adult,Hold
Conure,Cockatoo,C11,Sun Conure,CKRE2082,,Semi Adult,Hold
Conure,Cockatoo,C11,Sun Conure,CKRE2084,,Semi Adult,Hold
Conure,Cockatoo,C11,Sun Conure,CKRE2129,,Semi Adult,Hold
Conure,Cockatoo,C11,Sun Conure,CKRE2069,,Semi Adult,Hold
Conure,Cockatoo,C11,Sun Conure,CKRE2141,,Semi Adult,Hold
Conure,Cockatoo,C11,Sun Conure,CKRF675,,Semi Adult,Hold
Conure,Cockatoo,C11,Sun Conure,CKRE2061,,Semi Adult,Hold
Conure,Cockatoo,C11,Sun Conure,CKRF673,,Semi Adult,Hold
Conure,Cockatoo,C12,Sun Conure,CKRE2060,,Semi Adult,Hold
Conure,Cockatoo,C12,Sun Conure,CKRE2145,,Semi Adult,Hold
Conure,Cockatoo,C12,Sun Conure,CKRE2066,,Semi Adult,Hold
Conure,Cockatoo,C12,Sun Conure,CKRE2142,,Semi Adult,Hold
Conure,Cockatoo,C12,Sun Conure,CKRE2128,,Semi Adult,Hold
Conure,Cockatoo,C12,Sun Conure,CKRE2118,,Semi Adult,Hold
Conure,Cockatoo,C12,Sun Conure,CKRE2127,,Semi Adult,Hold
Conure,Cockatoo,C12,Sun Conure,CKRE2067,,Semi Adult,Hold
Conure,Cockatoo,C12,Sun Conure,CKRE1881,,Semi Adult,Hold
Conure,Cockatoo,C14,Sun Conure,CKRE1602,,Semi Adult,Hold
Conure,Cockatoo,C14,Sun Conure,CKRE1309,,Semi Adult,Hold
Conure,Cockatoo,C14,Sun Conure,CKRE1631,,Semi Adult,Hold
Conure,Cockatoo,C14,Sun Conure,CKRE1583,,Semi Adult,Hold
Conure,Cockatoo,C14,Sun Conure,CKRE1626,,Semi Adult,Hold
Conure,Cockatoo,C14,Sun Conure,CKRE1965,,Semi Adult,Hold
Conure,Cockatoo,C14,Sun Conure,CKRE1493,,Non proven,Hold
Conure,Cockatoo,C14,Sun Conure,CKRE1140,,Non proven,Hold
Lorikeet,Cockatoo,C15,Swainson Lorikeet,CKRE2166,,Semi Adult,Hold
Lorikeet,Cockatoo,C15,Swainson Lorikeet,CKRF477,,Semi Adult,Hold
Lorikeet,Cockatoo,C15,Swainson Lorikeet,CKRE1576,,Semi Adult,Hold
Lorikeet,Cockatoo,C17,Green Napped Lorikeet,ACEIND070,,Semi Adult,Hold
Lory,Cockatoo,C18,Chattering Lory,CKRD609,,Semi Adult,Hold
Lory,Cockatoo,C19,Black Capped Lory,SUNIL625,,Semi Adult,Hold
Lory,Cockatoo,C19,Black Capped Lory,ACEIND177,,Semi Adult,Hold
Lory,Cockatoo,C20,Red Lory ,CKRD671,,Semi Adult,Hold
Lory,Cockatoo,C20,Red Lory ,CKRD1581,,Semi Adult,Hold
Lorikeet,Cockatoo,C21,Swainson Lorikeet,CKRE1270,,Semi Adult,Hold
Lorikeet,Cockatoo,C21,Swainson Lorikeet,CKRE1558,,Semi Adult,Hold
Lorikeet,Cockatoo,C21,Swainson Lorikeet,CKRE1561,,Semi Adult,Hold
Lorikeet,Cockatoo,C21,Swainson Lorikeet,CKRE1559,,Semi Adult,Hold
Lorikeet,Cockatoo,C21,Swainson Lorikeet,CKRE1562,,Semi Adult,Hold
Lorikeet,Cockatoo,C22,Red Collared Lorikeet,CKR1942,,Semi Adult,Hold
Lorikeet,Cockatoo,C22,Red Collared Lorikeet,11124,,Semi Adult,Hold
Lory,Cockatoo,C23,Black Capped Lory,CKRD1444,,Semi Adult,Hold
Lory,Cockatoo,C23,Black Capped Lory,CKRD1540,,Semi Adult,Hold
Lory,Cockatoo,C23,Black Capped Lory,CKRD1524,,Semi Adult,Hold
Lory,Cockatoo,C23,Black Capped Lory,CKRD1535,,Semi Adult,Hold
Lorikeet,Cockatoo,C24,Red Collared Lorikeet,CKRC298,,Semi Adult,Hold
Lory,Cockatoo,C25,Black Capped Lory,M005,,Semi Adult,Hold
Lory,Cockatoo,C25,Black Capped Lory,M054,,Semi Adult,Hold
Lory,Cockatoo,C25,Black Capped Lory,M029,,Semi Adult,Hold
Lorikeet,Cockatoo,C26,Olive Swainson Lorikeet,CKRF1046,,Semi Adult,Hold
Lorikeet,Cockatoo,C26,Red Collared Lorikeet,CKRF397,,Semi Adult,Hold
Lorikeet,Cockatoo,C26,Swainson Lorikeet,CKRF670,,Semi Adult,Hold
Lorikeet,Cockatoo,C26,Swainson Lorikeet,CKRF668,,Semi Adult,Hold
Lorikeet,Cockatoo,C26,Red Collared Lorikeet,CKRE2059,,Semi Adult,Hold
Lorikeet,Cockatoo,C26,Olive Swainson Lorikeet,CKRF400,,Semi Adult,Hold
Lory,Cockatoo,C26,Red Lory ,CKRD664,,Semi Adult,Hold
Lorikeet,Cockatoo,C26,Swainson Lorikeet,CKRF051,,Semi Adult,Hold
Lory,Cockatoo,C26,Red Lory ,CKRF1044,,Semi Adult,Hold
Lorikeet,Cockatoo,C27,Red Collared Lorikeet,CKRF667,,Semi Adult,Hold
Lorikeet,Cockatoo,C27,Swainson Lorikeet,CKRF666,,Semi Adult,Hold
Lorikeet,Cockatoo,C27,Red Collared Lorikeet,CKRE2113,,Semi Adult,Hold
Lorikeet,Cockatoo,C27,Swainson Lorikeet,CKRF669,,Semi Adult,Hold
Lory,Cockatoo,C28,Yellow bibbed Lory,CKRD1628,,Semi Adult,Hold
Lory,Cockatoo,C28,Chattering Lory,CKRF489,,Semi Adult,Hold
Lory,Cockatoo,C29,Red Lory ,CKRE1472,,Semi Adult,Hold
Lory,Cockatoo,C29,Red Lory ,CKRD650,,Semi Adult,Hold
Lory,Cockatoo,C29,Black Capped Lory,CKRE1547,,Semi Adult,Hold
Lory,Cockatoo,C29,Red Lory ,CKRD2167,,Semi Adult,Hold
Lorikeet,Cockatoo,C30,Red Collared Lorikeet,ACEIND128,,Semi Adult,Hold
Lory,Cockatoo,C31,Black Capped Lory,CKRD1568,,Semi Adult,Hold
Lory,Cockatoo,C32,Red Lory ,CKRF1006,,Semi Adult,Hold
Lory,Cockatoo,C32,Red Lory ,CKRF1040,,Semi Adult,Hold
Lory,Cockatoo,C32,Black Capped & chattering Lory,CKRF1014,,Semi Adult,Hold
Lory,Cockatoo,C32,Red Lory ,CKRF719,,Semi Adult,Hold
Lory,Cockatoo,C33,Yellow bibbed Lory,17.063,,Semi Adult,Hold
Lory,Cockatoo,C33,Yellow bibbed Lory,CKRD1580,,Semi Adult,Hold
Lory,Cockatoo,C34,Black Capped Lory,CKRF491,,Semi Adult,Hold
Lorikeet,Cockatoo,C35,Swainson Lorikeet,CKRF492,,Semi Adult,Hold
Lorikeet,Cockatoo,C35,Swainson Lorikeet,CKRE026,,Semi Adult,Hold
Lorikeet,Cockatoo,C35,Swainson Lorikeet,CKRE1156,,Semi Adult,Hold
Lorikeet,Cockatoo,C35,Green Napped Lorikeet,ACEIND086,,Semi Adult,Hold
Lorikeet,Cockatoo,C35,Red Collared Lorikeet,CKRF379,,Semi Adult,Hold
Lory,Cockatoo,C36,Red Lory ,CKRC380,,Semi Adult,Hold
Lory,Cockatoo,C37,Yellow bibbed Lory,CKRD654,,Semi Adult,Hold
Lory,Cockatoo,C38,Black Capped Lory,SUNHG1646,,Semi Adult,Hold
Lory,Cockatoo,C39,Red Lory ,CKRF388,,Semi Adult,Hold
Lory,Cockatoo,C39,Red Lory ,CKRF1041,,Semi Adult,Hold
Lory,Cockatoo,C39,Red Lory ,CKRF381,,Semi Adult,Hold
Lory,Cockatoo,C39,Red Lory ,CKRF301,,Semi Adult,Hold
Lory,Cockatoo,C40,Red Lory ,CKRD663,,Semi Adult,Hold
Lory,Cockatoo,C40,Red Lory ,CKRE1232,,Semi Adult,Hold
Lory,Cockatoo,C40,Red Lory ,CKRD679,,Semi Adult,Hold
Lory,Cockatoo,C40,Red Lory ,CKRD1422,,Semi Adult,Hold
LORY,Cockatoo,C41,Chattering Lory,GVR05,,Semi Adult,Hold
LORY,Cockatoo,C41,Chattering Lory,GVR06,,Semi Adult,Hold
Lorikeet,Cockatoo,C42,Swainson Lorikeet,CKRF1975,,Semi Adult,Hold
Lorikeet,Cockatoo,C42,Swainson Lorikeet,CKRE1995,,Semi Adult,Hold
Lorikeet,Cockatoo,C42,Swainson Lorikeet,CKRE1977,,Semi Adult,Hold
Lorikeet,Cockatoo,C42,Swainson Lorikeet,CKRE1464,,Semi Adult,Hold
Lorikeet,Cockatoo,C42,Swainson Lorikeet,CKRE1980,,Semi Adult,Hold
Lorikeet,Cockatoo,C42,Swainson Lorikeet,CKRE1981,,Semi Adult,Hold
Lorikeet,Cockatoo,C42,Swainson Lorikeet,CKRE1474,,Semi Adult,Hold
Lorikeet,Cockatoo,C42,Swainson Lorikeet,CKRE1051,,Semi Adult,Hold
Lorikeet,Cockatoo,C42,Swainson Lorikeet,CKRE1979,,Semi Adult,Hold
Lory,Cockatoo,C43,Yellow bibbed Lory,CKRD1411,,Semi Adult,Hold
Lory,Cockatoo,C44,Red Lory ,CKRD1582,,Semi Adult,Hold
Lory,Cockatoo,C44,Red Lory ,CKRD1534,,Semi Adult,Hold
Lory,Cockatoo,C44,Red Lory ,CKRE1242,,Semi Adult,Hold
Lory,Cockatoo,C44,Red Lory ,CKRE1227,,Semi Adult,Hold
Lory,Cockatoo,C44,Red Lory ,CKRD1585,,Semi Adult,Hold
Lory,Cockatoo,C44,Red Lory ,CKRD1564,,Semi Adult,Hold
Lory,Cockatoo,C45,Red Lory ,CKRF799,,Semi Adult,Hold
Lory,Lory,D01,Yellow bibbed Lory,CKRC407,,Non proven,Hold
Lory,Lory,D01,Yellow bibbed Lory,CKRC422,,Non proven,Hold
Lorikeet,Lory,D02,Olive Red collar Lorikeet,9000,,Non proven,Hold
Lorikeet,Lory,D02,Olive Swainson Lorikeet,CKRD536,,Non proven,Hold
Lorikeet,Lory,D03,Olive Swainson Lorikeet,CKRC388,,Non proven,Hold
Lorikeet,Lory,D03,Olive Swainson Lorikeet,CKRC229,,Non proven,Hold
Lorikeet,Lory,D04,Green Napped Lorikeet,CKRC314,,Non proven,Hold
Lorikeet,Lory,D04,Green Napped Lorikeet,ACEIND137,,Non proven,Hold
Lorikeet,Lory,D06,Green Napped Lorikeet,NORING,,Proven,Hold
Lorikeet,Lory,D06,Green Napped Lorikeet,YUV314,,Proven,Hold
Lory ,Lory,D07,Black Capped Lory,MAR092,,Proven,Hold
Lory ,Lory,D07,Black Capped Lory,MAR050,,Proven,Hold
Lorikeet,Lory,D08,Green Napped Lorikeet,CKRD1430,,Proven,Hold
Lorikeet,Lory,D08,Green Napped Lorikeet,CKRD1490,,Proven,Hold
Lorikeet,Lory,D09,Olive Red collar Lorikeet,CT0097,,Proven,Hold
Lorikeet,Lory,D09,Olive Swainson Lorikeet,7DNG4300,,Proven,Hold
Lory ,Lory,D10,Red Lory ,213,,Non proven,Hold
Lory ,Lory,D10,Red Lory ,YUV117,,Non proven,Hold
Lorikeet,Lory,D11,Green Napped Lorikeet,YUV400,,Proven,Hold
Lorikeet,Lory,D11,Green Napped Lorikeet,YUV287,,Proven,Hold
Lorikeet,Lory,D12,Red Collared Lorikeet,MCR011,,Proven,Hold
Lorikeet,Lory,D12,Red Collared Lorikeet,MCR021,,Proven,Hold
Lorikeet,Lory,D13,Scaly Breasted Lorikeet,CKRA125,,Non proven,Hold
Lorikeet,Lory,D13,Olive Scaly Breasted Lorikeet,TCU864,,Non proven,Hold
Lorikeet,Lory,D14,Green Napped Lorikeet,NORING,,Proven,Hold
Lorikeet,Lory,D14,Green Napped Lorikeet,SYY3032,,Proven,Hold
Lorikeet,Lory,D15,Red Collared Lorikeet,CKRD1446,,Proven,Hold
Lorikeet,Lory,D15,Red Collared Lorikeet,CKRD535,,Proven,Hold
Lorikeet,Lory,D16,Olive scaly breasted lorikeet,RRPRASATH22,,Non proven,Hold
Lorikeet,Lory,D16,Scaly Breasted Lorikeet,ACEIND053,,Non proven,Hold
Lory,Lory,D17,Violet necked Lory,CHIRP027,,Proven,Hold
Lory,Lory,D17,Violet necked Lory,JP371,,Proven,Hold
Lory ,Lory,D18,Black Capped Lory,SUNIL651,,Non proven,Hold
Lory ,Lory,D18,Black Capped Lory,SUNIL610,,Non proven,Hold
Lory,Lory,D19,Duyvenbode Lory,375,,Non proven,Hold
Lory,Lory,D19,Black Capped Lory,441,,Non proven,Hold
Lorikeet,Lory,D20,Swainson Lorikeet,CKRC320,,Non proven,Hold
Lorikeet,Lory,D20,Swainson Lorikeet,CKRD1488,,Non proven,Hold
Lory,Lory,D21,Red Lory ,ABW5157,,Non proven,Hold
Lory,Lory,D21,Red Lory ,218,,Non proven,Hold
Lory,Lory,D22,Duyvenbode Lory,394,,Non proven,Hold
Lory,Lory,D22,Yellow streaked Lory,AM-727,,Non proven,Hold
Lory,Lory,D23,Chattering Lory,CKRC392,,Non proven,Hold
Lory,Lory,D23,Black Capped Lory,SUNIL698,,Non proven,Hold
Lorikeet,Lory,D24,Olive Swainson Lorikeet,CKRB215,,Proven,Hold
Lorikeet,Lory,D24,Olive Swainson Lorikeet,TSNZ80,,Proven,Hold
Lory,Lory,D25,Red Lory ,215,,Proven,Hold
Lory,Lory,D25,Red Lory ,ABW5147,,proven,Hold
Lorikeet,Lory,D26,Olive Swainson Lorikeet,CKRC257,,Proven,Hold
Lorikeet,Lory,D26,Swainson Lorikeet,NORING,,proven,Hold
Lorikeet,Lory,D27,Red Collared Lorikeet,CKRC283,,Proven,Hold
Lorikeet,Lory,D27,Red Collared Lorikeet,CKRC202,,proven,Hold
Lorikeet,Lory,D28,Scaly Breasted Lorikeet,GF0346,,Proven,Hold
Lorikeet,Lory,D28,Scaly Breasted Lorikeet,CKRA158,,Proven,Hold
Lory,Lory,D29,Red Lory ,YUV111,,Proven,Hold
lory,Lory,D29,Red Lory ,ABW5159,,Proven,Hold
Lorikeet,Lory,D30,Swainson Lorikeet,CKRA480,,Proven,Hold
Lorikeet,Lory,D30,Swainson Lorikeet,CKRA417,,Proven,Hold
Lory ,Lory,D31,Red Lory ,204,,Proven,Hold
Lory ,Lory,D31,Red Lory ,224,,Proven,Hold
Lory ,Lory,D32,Yellow bibbed Lory,CKR182,,Proven,Hold
Lory ,Lory,D32,Yellow bibbed Lory,CKR344,,Proven,Hold
Lorikeet,Lory,D33,Swainson Lorikeet,CKRB050,,Proven,Hold
Lorikeet,Lory,D33,Swainson Lorikeet,SA256,,Proven,Hold
Lorikeet,Lory,D34,Red Collared Lorikeet,CKRC237,,Proven,Hold
Lorikeet,Lory,D34,Red Collared Lorikeet,CKRC246,,Proven,Hold
Lorikeet,Lory,D35,Olive Swainson Lorikeet,CKRB042,,Proven,Hold
Lorikeet,Lory,D35,Swainson Lorikeet,CKRC313,,proven,Hold
Lorikeet,Lory,D36,Green Napped Lorikeet,7NG2122,,Proven,Hold
Lorikeet,Lory,D36,Green Napped Lorikeet,BH7318,,Proven,Hold
Lorikeet,Lory,D37,Swainson Lorikeet,CKRC277,,Proven,Hold
Lorikeet,Lory,D37,Swainson Lorikeet,ACEIND130,,Proven,Hold
Lorikeet,Lory,D38,Red Collared Lorikeet,"HL7810,CKR182",,Proven,Hold
Lorikeet,Lory,D38,Red Collared Lorikeet,"TE4550,CKRB216",,Proven,Hold
Lorikeet,Lory,D39,Olive Swainson Lorikeet,CKR228,,Proven,Hold
Lorikeet,Lory,D39,Swainson Lorikeet,CKR378,,Proven,Hold
Lory ,Lory,D40,Red Lory ,ABW3899,,Proven,Hold
Lory ,Lory,D40,Red Lory ,ABW5146,,Proven,Hold
Lorikeet,Lory,D41,Swainson Lorikeet,CKRD1481,,Proven,Hold
Lorikeet,Lory,D41,Swainson Lorikeet,CKRD1562,,Proven,Hold
Lorikeet,Lory,D42,Red Collared Lorikeet,CKRC288,,Proven,Hold
Lorikeet,Lory,D42,Red Collared Lorikeet,CKRC281,,Proven,Hold
Lorikeet,Lory,D43,Swainson Lorikeet,CKRA443,,Proven,Hold
Lorikeet,Lory,D43,Swainson Lorikeet,GFC498,,Proven,Hold
Lorikeet,Lory,D44,Red Collared Lorikeet,CKRC199,,Proven,Hold
Lorikeet,Lory,D44,Red Collared Lorikeet,CKRC206,,Proven,Hold
Lorikeet,Lory,D45,Green Napped Lorikeet,YUV293,,Proven,Hold
Lorikeet,Lory,D45,Swainson Lorikeet,CKRC197,,Proven,Hold
Lorikeet,Lory,D46,Red Collared Lorikeet,MVF845,,Proven,Hold
Lorikeet,Lory,D46,Red Collared Lorikeet,BB858/11-126,,Proven,Hold
Lory,Lory,D47,Red Lory ,217,,Proven,Hold
Lory,Lory,D47,Red Lory ,ABW3921,,Proven,Hold
Lorikeet,Lory,D48,Red Collared Lorikeet,CKRC303,,Proven,Hold
Lorikeet,Lory,D48,Red Collared Lorikeet,CKRC291,,Proven,Hold
Lorikeet,Lory,E01,Swainson Lorikeet,SLEEJA277,,Non proven,Hold
Lorikeet,Lory,E01,Swainson Lorikeet,CKRD1406,,Non proven,Hold
Lory ,Lory,E02,Duyvenbode Lory,395,,Proven,Hold
Lory ,Lory,E02,Duyvenbode Lory,392,,Proven,Hold
Lory ,Lory,E03,Yellow bibbed Lory,MAR083,,Proven,Hold
Lory ,Lory,E03,Yellow bibbed Lory,CKR236,,Proven,Hold
Lorikeet,Lory,E04,Swainson Lorikeet,CKRC241,,Proven,Hold
Lorikeet,Lory,E04,Swainson Lorikeet,CKRC365,,Proven,Hold
Lorikeet,Lory,E05,Red Collared Lorikeet,CKRB149,,Non proven,Hold
Lorikeet,Lory,E05,Red Collared Lorikeet,CKRC225,,Non proven,Hold
Lory ,Lory,E06,Chattering Lory,CKRC399,,Non proven,Hold
Lory ,Lory,E06,Chattering Lory,CKRC395,,Non proven,Hold
Lorikeet,Lory,E07,Swainson Lorikeet,CKRD1407,,Non proven,Hold
Lorikeet,Lory,E07,Swainson Lorikeet,CKRD1487,,Non proven,Hold
Lory ,Lory,E08,Yellow bibbed Lory,CKRB123,,Proven,Hold
Lory ,Lory,E08,Yellow bibbed Lory,CKRB438,,Proven,Hold
Lory ,Lory,E09,Black Capped Lory,SUNIL637,,Non proven,Hold
Lory ,Lory,E09,Black Capped Lory,SUNIL664,,Non proven,Hold
Lorikeet,Lory,E10,Swainson Lorikeet,CKRC369,,Proven,Hold
Lorikeet,Lory,E10,Swainson Lorikeet,CKRC263,,proven,Hold
Lorikeet,Lory,E11,Red Collared Lorikeet,NJB119,,Non proven,Hold
Lorikeet,Lory,E11,Red Collared Lorikeet,NJB118,,Non proven,Hold
Lorikeet,Lory,E12,Olive Swainson Lorikeet,PSNZ84,,Proven,Hold
Lorikeet,Lory,E12,Olive Swainson Lorikeet,NORING(SPLAYLEG),,Proven,Hold
Lory,Lory,E13,Red Lory ,TER22824,,Non proven,Hold
Lory,Lory,E13,Red Lory ,22835,,Non proven,Hold
Lorikeet,Lory,E14,Swainson Lorikeet,NORING,,Proven,Hold
Lorikeet,Lory,E14,Swainson Lorikeet,CKRC272,,Proven,Hold
Lory,Lory,E15,Red Lory ,5153,,Proven,Hold
Lory,Lory,E15,Red Lory ,ABW5141,,Proven,Hold
Lorikeet,Lory,E16,Green Napped Lorikeet,ACEIND151,,Proven,Hold
Lorikeet,Lory,E16,Green Napped Lorikeet,CKRC322,,Proven,Hold
Lory,Lory,E17,Black Capped Lory,290,,Non proven,Hold
Lory,Lory,E17,Black Capped Lory,162,,Non proven,Hold
Lory,Lory,E18,Red Lory ,207,,Proven,Hold
Lory,Lory,E18,Red Lory ,220,,Proven,Hold
Lory,Lory,E19,Black Capped Lory,SUNIL692,,Proven,Hold
Lory,Lory,E19,Chattering Lory,JP514,,Proven,Hold
Lorikeet,Lory,E20,Swainson Lorikeet,CKRD1405,,Proven,Hold
Lorikeet,Lory,E20,Swainson Lorikeet,CKRD1572,,Proven,Hold
Lorikeet,Lory,E21,Swainson Lorikeet,CKRD1489,,Proven,Hold
Lorikeet,Lory,E21,Swainson Lorikeet,CKRC249,,Proven,Hold
Lorikeet,Lory,E22,Swainson Lorikeet,CKRB141,,Proven,Hold
Lorikeet,Lory,E22,Swainson Lorikeet,CKRB092,,Proven,Hold
Lory,Lory,E23,Red Lory ,ABW5160,,Proven,Hold
Lory,Lory,E23,Red Lory ,ABW5142,,Proven,Hold
Lorikeet,Lory,E24,Red Collared Lorikeet,4L7858,,Proven,Hold
Lorikeet,Lory,E24,Red Collared Lorikeet,GYYYO5078,,Proven,Hold
Lorikeet,Lory,E25,Red Collared Lorikeet,YO5067,,Proven,Hold
Lorikeet,Lory,E25,Red Collared Lorikeet,YMSBRC773,,Proven,Hold
Lory,Lory,E26,Black Capped Lory,SUNIL618,,Proven,Hold
Lory,Lory,E26,Black Capped Lory,SUNIL681,,Proven,Hold
Lory,Lory,E27,Red Lory ,ABW4849,,Proven,Hold
Lory,Lory,E27,Red Lory ,ABW5154,,Proven,Hold
Lorikeet,Lory,E28,Swainson Lorikeet,CKRB107,,Proven,Hold
Lorikeet,Lory,E28,Swainson Lorikeet,CKR364,,Proven,Hold
Lorikeet,Lory,E29,Red Collared Lorikeet,CKRC208,,Proven,Hold
Lorikeet,Lory,E29,Red Collared Lorikeet,CKRC204,,proven,Hold
Lory,Lory,E30,Red Lory ,ABW5145,,Proven,Hold
Lory,Lory,E30,Red Lory ,ABW5158,,Proven,Hold
Lorikeet,Lory,E31,Olive Swainson Lorikeet,CKRC230,,Proven,Hold
Lorikeet,Lory,E31,Swainson Lorikeet,CKRC266,,Proven,Hold
Lory,Lory,E32,Red Lory ,ABW5161,,Proven,Hold
Lory,Lory,E32,Red Lory ,202,,Proven,Hold
Lorikeet,Lory,E33,Scaly Breasted Lorikeet,CKRA127,,Proven,Hold
Lorikeet,Lory,E33,Scaly Breasted Lorikeet,CKR0110,,Proven,Hold
Lorikeet,Lory,E34,Swainson Lorikeet,CKR221,,Proven,Hold
Lorikeet,Lory,E34,Swainson Lorikeet,CKR361,,Proven,Hold
Lorikeet,Lory,E35,Red Collared Lorikeet,CKRD1478,,Proven,Hold
Lorikeet,Lory,E35,Red Collared Lorikeet,CKRD1583,,Proven,Hold
Lorikeet,Lory,E36,Olive Swainson Lorikeet,CKRB114,,Proven,Hold
Lorikeet,Lory,E36,Swainson Lorikeet,CKRD1476,,Proven,Hold
Lorikeet,Lory,E37,Green Napped Lorikeet,YUV304,,Proven,Hold
Lorikeet,Lory,E37,Green Napped Lorikeet,YUV398,,Proven,Hold
Lorikeet,Lory,E38,Swainson Lorikeet,CKR316,,Proven,Hold
Lorikeet,Lory,E38,Swainson Lorikeet,CKR248,,Proven,Hold
Lory,Lory,E39,Red Lory ,PABW324,,Proven,Hold
Lory,Lory,E39,Red Lory ,YUV40,,Proven,Hold
Lorikeet,Lory,E40,Swainson Lorikeet,CKRC411,,Proven,Hold
Lorikeet,Lory,E40,Swainson Lorikeet,CKRC309,,Proven,Hold
Lorikeet,Lory,E41,Red Collared Lorikeet,SVC107,,Proven,Hold
Lorikeet,Lory,E41,Red Collared Lorikeet,7B3328,,Proven,Hold
Lorikeet,Lory,E42,Swainson Lorikeet,CKRA438,,Proven,Hold
Lorikeet,Lory,E42,Swainson Lorikeet,CKRA435,,Proven,Hold
Lorikeet,Lory,E43,Red Collared Lorikeet,CKRC315,,Proven,Hold
Lorikeet,Lory,E43,Red Collared Lorikeet,CKRC294,,Proven,Hold
Lorikeet,Lory,E44,Green Napped Lorikeet,CKR354,,Proven,Hold
Lorikeet,Lory,E44,Green Napped Lorikeet,CKR073,,Proven,Hold
Lorikeet,Lory,E45,Scaly Breasted Lorikeet,AP8377,,Proven,Hold
Lorikeet,Lory,E45,Olive Scaly Breasted Lorikeet,TC6AQ238,,Proven,Hold
Lorikeet,Lory,E46,Green Napped Lorikeet,KOAJ1600,,Proven,Hold
Lorikeet,Lory,E46,Green Napped Lorikeet,ACEIND87,,Proven,Hold
Lorikeet,Lory,E47,Red Collared Lorikeet,CKRD1589,,Proven,Hold
Lorikeet,Lory,E47,Red Collared Lorikeet,CKRC222,,Proven,Hold
Lorikeet,Lory,E48,Green Napped Lorikeet,CKR351,,Proven,Hold
Lorikeet,Lory,E48,Green Napped Lorikeet,CKR156,,Proven,Hold
Lory,Lory,F01,Black Capped Lory,3037,,Non proven,Hold
Lory,Lory,F01,Black Capped Lory,2437,,Non proven,Hold
Lory,Lory,F02,Red Lory ,CKRD1602,,Non proven,Hold
Lory,Lory,F02,Red Lory ,CKRD1609,,Non proven,Hold
Lorikeet,Lory,F03,Olive Swainson Lorikeet,CKRE1230,,Non proven,Hold
Lorikeet,Lory,F03,Swainson Lorikeet,CKRF180,,Non proven,Hold
Lory,Lory,F04,Red Lory ,CKRD388,,Non proven,Hold
Lory,Lory,F04,Red Lory ,CKRF389,,Non proven,Hold
Lorikeet,Lory,F05,Red Collared Lorikeet,CKRC306,,Proven,Hold
Lorikeet,Lory,F05,Red Collared Lorikeet,CKRC279,,Proven,Hold
Lory,Lory,F06,Red Lory ,CKRD681,,Non proven,Hold
Lory,Lory,F06,Red Lory ,CKRD678,,Non proven,Hold
Lorikeet,Lory,F07,Swainson Lorikeet,CKRF136,,Non proven,Hold
Lorikeet,Lory,F07,Olive Swainson Lorikeet,CKRF399,,Non proven,Hold
Lory,Lory,F08,Red Lory ,CKRD1443,,Semi Adult,Hold
Lorikeet,Lory,F09,Olive Swainson Lorikeet,7K8807,,Semi Adult,Hold
Lory,Lory,F10,Red Lory ,PABW375,,Non proven,Hold
Lory ,Lory,F10,Red Lory ,YUV39,,Non proven,Hold
Lorikeet,Lory,F11,Olive Swainson Lorikeet,CKRE1950,,Semi Adult,Hold
Lory,Lory,F12,Red Lory ,221,,Semi Adult,Hold
Lory,Lory,F13,Black Capped Lory,249,,Semi Adult,Hold
Lorikeet,Lory,F14,Olive Swainson Lorikeet,CKRF383,,Non proven,Hold
Lorikeet,Lory,F14,Olive Swainson Lorikeet,CKRF387,,Non proven,Hold
Lory,Lory,F15,Red Lory ,CKRF1011,,Non proven,Hold
Lory,Lory,F15,Red Lory ,CKRD637,,Non proven,Hold
Lorikeet,Lory,F16,Swainson Lorikeet,CKRF337,,Non proven,Hold
Lorikeet,Lory,F16,Swainson Lorikeet,CKRF072,,Non proven,Hold
Lorikeet,Lory,F17,Red Collared Lorikeet,CKRF497,,Non proven,Hold
Lorikeet,Lory,F17,Red Collared Lorikeet,CKRF475,,Non proven,Hold
Lory,Lory,F18,Chattering Lory,CKRD697,,Non proven,Hold
Lory,Lory,F18,Chattering Lory,CKRD1640,,Non proven,Hold
Lorikeet,Lory,F19,Red Collared Lorikeet,CKRF338,,Non proven,Hold
Lorikeet,Lory,F19,Red Collared Lorikeet,CKRF336,,Non proven,Hold
Lorikeet,Lory,F20,Swainson Lorikeet,CKRD694,,Semi Adult,Hold
Lorikeet,Lory,F21,Red Collared Lorikeet,CKRF335,,Non proven,Hold
Lorikeet,Lory,F21,Red Collared Lorikeet,CKRF340,,Non proven,Hold
Lorikeet,Lory,F22,Olive Red collar Lorikeet,TK9114,,Non proven,Hold
Lorikeet,Lory,F22,Olive Red collar Lorikeet,TK9079,,Non proven,Hold
Lorikeet,Lory,F23,Olive Swainson Lorikeet,CKRD572,,Semi Adult,Hold
Lorikeet,Lory,F24,Red Collared Lorikeet,ACEIND115,,Non proven,Hold
Lorikeet,Lory,F24,Red Collared Lorikeet,CKRE1894,,Non proven,Hold
Lorikeet,Lory,F25,Olive Swainson Lorikeet,CKRD579,,Non proven,Hold
Lorikeet,Lory,F25,Olive Swainson Lorikeet,7L6689,,Non proven,Hold
Lory,Lory,F26,Red Lory ,CKRD508,,Non proven,Hold
Lory,Lory,F26,Red Lory ,CKRD680,,Non proven,Hold
Lorikeet,Lory,F27,Red Collared Lorikeet,TWN131013,,Non proven,Hold
Lorikeet,Lory,F27,Red Collared Lorikeet,CKRE1215,,Non proven,Hold
Lorikeet,Lory,F28,Olive Swainson Lorikeet,T066D159,,Semi Adult,Hold
Lory,Lory,F29,Red Lory ,CKRD661,,Non proven,Hold
Lory,Lory,F29,Red Lory ,ACIND163,,Non proven,Hold
Lorikeet,Lory,F30,Swainson Lorikeet,CKRC248,,Proven,Hold
Lorikeet,Lory,F30,Swainson Lorikeet,ACEIND148,,Proven,Hold
Lorikeet,Lory,F31,Red Collared Lorikeet,CKRE1853,,Non proven,Hold
Lorikeet,Lory,F31,Red Collared Lorikeet,CKR1941,,Non proven,Hold
Lory,Lory,F32,Red Lory ,CKRD1526,,Non proven,Hold
Lory,Lory,F32,Red Lory ,CKRD660,,Non proven,Hold
Lorikeet,Lory,F33,Olive Swainson Lorikeet,CKRD1576,,Non proven,Hold
Lorikeet,Lory,F33,Olive Swainson Lorikeet,7L6697,,Non proven,Hold
Lory,Lory,F34,Violet necked Lory,CKRC193,,Non proven,Hold
Lory,Lory,F34,Violet necked Lory,CKRD1394,,Non proven,Hold
Lorikeet,Lory,F35,Olive Swainson Lorikeet,CKRD1403,,Non proven,Hold
Lorikeet,Lory,F35,Olive Swainson Lorikeet,8AJO373,,Non proven,Hold
Lory,Lory,F36,Red Lory ,CKRD1425,,Non proven,Hold
Lory,Lory,F36,Red Lory ,CKRD676,,Non proven,Hold
Lorikeet,Lory,F37,Olive Swainson Lorikeet,CKRD1421,,Non proven,Hold
Lorikeet,Lory,F37,Olive Swainson Lorikeet,7000,,Non proven,Hold
Lory,Lory,F38,Red Lory ,CKRD1588,,Non proven,Hold
Lory,Lory,F38,Red Lory ,CKRD2149,,Non proven,Hold
Lorikeet,Lory,F39,Olive Swainson Lorikeet,75KZ6213,,Non proven,Hold
Lorikeet,Lory,F39,Swainson Lorikeet,CKRC297,,Non proven,Hold
Lory,Lory,F40,Violet necked Lory,CKRE1949,,Non proven,Hold
Lory,Lory,F40,Violet necked Lory,CKRD1581,,Non proven,Hold
Lorikeet,Lory,F41,Olive Swainson Lorikeet,2000,,Non proven,Hold
Lorikeet,Lory,F41,Swainson Lorikeet,ACEIND118,,Non proven,Hold
Lory,Lory,F42,Violet necked Lory,CKRD1578,,Non proven,Hold
Lory,Lory,F42,Violet necked Lory,CKRE526,,Non proven,Hold
Lory,Lory,F43,Red Lory ,CKRD1558,,Non proven,Hold
Lory,Lory,F43,Red Lory ,CKRD1539,,Non proven,Hold
Lory,Lory,F44,Violet necked Lory,CKRD1399,,Non proven,Hold
Lory,Lory,F44,Violet necked Lory,CKRD1316,,Non proven,Hold
Lorikeet,Lory,F45,Olive Swainson Lorikeet,7L6678,,Proven,Hold
Lorikeet,Lory,F45,Olive Swainson Lorikeet,T0660192,,Proven,Hold
Lorikeet,Lory,F46,Red Collared Lorikeet,CKRF474,,Non proven,Hold
Lorikeet,Lory,F46,Red Collared Lorikeet,CKRF395,,Non proven,Hold
Lory,Lory,F47,Red Lory ,ACIND142,,Non proven,Hold
Lory,Lory,F47,Red Lory ,CKRD1633,,Non proven,Hold
Lorikeet,Lory,F48,Red Collared Lorikeet,CKRF027,,Non proven,Hold
Lorikeet,Lory,F48,Red Collared Lorikeet,CKRF390,,Non proven,Hold
Lorikeet,Lory,G03,Olive Swainson Lorikeet,CKRF339,,Non proven,Hold
Lorikeet,Lory,G04,Olive Swainson Lorikeet,CKRE1892,,Semi Adult,Hold
Lorikeet,Lory,G05,Swainson Lorikeet,CKRE1579,,Semi Adult,Hold
Lorikeet,Lory,G06,Olive Swainson Lorikeet,CKRE1222,,Semi Adult,Hold
Lory,Lory,G07,Red Lory ,CKRD1449,,Semi Adult,Hold
Lorikeet,Lory,G08,Olive Swainson Lorikeet,CKRD1537,,Semi Adult,Hold
Lory,Lory,G09,Red Lory ,YUV35,,Semi Adult,Hold
Lory,Lory,G11,Black Capped Lory,NORING,,Semi Adult,Hold
Lorikeet,Lory,G12,Swainson Lorikeet,CKRD1423,,Semi Adult,Hold
Lorikeet,Lory,G17,Swainson Lorikeet,CKRD614,,Semi Adult,Hold
Lory,Lory,G18,Chattering Lory,CKRD1594,,Semi Adult,Hold
Lory,Lory,G19,Chattering Lory,CKRD1593,,Semi Adult,Hold
Lory,Lory,G25,Red Lory ,ZA08457,,Semi Adult,Hold
Lory,Lory,G26,Red Lory ,ABN3939,,Semi Adult,Hold
Lorikeet,Lory,G28,Olive Swainson Lorikeet,CKRD509,,Semi Adult,Hold
Lory,Lory,G29,Red Lory ,YUV26,,Semi Adult,Hold
Lory,Lory,G30,Red Lory ,YUV327,,Semi Adult,Hold
Lory,Lory,G31,Chattering Lory,CKRD1592,,Semi Adult,Hold
Lory,Lory,G32,Chattering Lory,CKRD670,,Semi Adult,Hold
Lory,Lory,G38,Red Lory ,CKRD673,,Non proven,Hold
Lory,Lory,G38,Red Lory ,CKRD1610,,Non proven,Hold
Lory,Lory,G40,Red Lory ,CKRD1554,,Semi Adult,Hold
Lory,Lory,G41,Chattering Lory,CKR26,,Non proven,Hold
Lory,Lory,G41,Chattering Lory,MAR068,,Non proven,Hold
Lory,Lory,G42,Red Lory ,CKRD1541,,Non proven,Hold
Lory,Lory,G42,Red Lory ,CKRD2177,,Non proven,Hold
Lory,Lory,G43,Chattering Lory,CKRC377,,Non proven,Hold
Lory,Lory,G43,Chattering Lory,CKRD1596,,Non proven,Hold
Lory,Lory,G44,Red Lory ,CKRF130,,Non proven,Hold
Lory,Lory,G44,Red Lory ,CKRF1010,,Non proven,Hold
Lory,Lory,G45,Chattering Lory,MCR086,,Non proven,Hold
Lory,Lory,G45,Chattering Lory,12R07,,Non proven,Hold
Lory,Lory,G46,Red Lory ,CKRD1527,,Non proven,Hold
Lory,Lory,G46,Red Lory ,CKRD1623,,Non proven,Hold
Lorikeet,Lory,G47,Swainson Lorikeet,CKRE1940,,Semi Adult,Hold
Lory,Lory,G48,Red Lory ,CKRD1603,,Non proven,Hold
Lory,Lory,G48,Red Lory ,CKRD1204,,Non proven,Hold
Conure,Lory,H01,Sun Conure,CKRE1619,,Non proven,Hold
Conure,Lory,H01,Sun Conure,CKRE1623,,Non proven,Hold
Conure,Lory,H02,Sun Conure,CKRE1587,,Non proven,Hold
Conure,Lory,H02,Sun Conure,CKRE1567,,Non proven,Hold
Conure,Lory,H03,Sun Conure,CKRE1320,,Non proven,Hold
Conure,Lory,H03,Sun Conure,CKRE1582,,Non proven,Hold
Conure,Lory,H04,Sun Conure,GB2866,,Non proven,Hold
Conure,Lory,H04,Sun Conure,GB3172,,Non proven,Hold
Conure,Lory,H05,Sun Conure,CKRE1618,,Non proven,Hold
Conure,Lory,H05,Sun Conure,CKRE1956,,Non proven,Hold
Conure,Lory,H06,Sun Conure,CKRE1573,,Non proven,Hold
Conure,Lory,H06,Sun Conure,CKRE1621,,Non proven,Hold
Conure,Lory,H07,Sun Conure,CKRE1290,,Non proven,Hold
Conure,Lory,H07,Sun Conure,CKRE1289,,Non proven,Hold
Conure,Lory,H08,Sun Conure,CKRE1617,,Non proven,Hold
Conure,Lory,H08,Sun Conure,CKRE1625,,Non proven,Hold
Conure,Lory,H09,Sun Conure,CKRE1592,,Non proven,Hold
Conure,Lory,H09,Sun Conure,CKRE1597,,Non proven,Hold
Conure,Lory,H10,Sun Conure,CKRE1345,,Non proven,Hold
Conure,Lory,H10,Sun Conure,CKRE1338,,Non proven,Hold
Conure,Lory,H11,Sun Conure,CKRE1613,,Non proven,Hold
Conure,Lory,H11,Sun Conure,CKRE1319,,Non proven,Hold
Conure,Lory,H12,Sun Conure,CKRE1292,,Non proven,Hold
Conure,Lory,H12,Sun Conure,CKRE1568,,Non proven,Hold
Conure,Lory,H13,Sun Conure,CKRE1275,,Non proven,Hold
Conure,Lory,H13,Sun Conure,CKRE1603,,Non proven,Hold
Conure,Lory,H14,Sun Conure,CKRE1970,,Non proven,Hold
Conure,Lory,H14,Sun Conure,CKRE1647,,Non proven,Hold
Conure,Lory,H15,Sun Conure,CKRE1622,,Non proven,Hold
Conure,Lory,H15,Sun Conure,CKRE1588,,Non proven,Hold
Conure,Lory,H16,Sun Conure,CKRE1277,,Non proven,Hold
Conure,Lory,H16,Sun Conure,CKRE1594,,Non proven,Hold
Conure,Lory,H17,Sun Conure,CKRE1600,,Non proven,Hold
Conure,Lory,H17,Sun Conure,CKRE1634,,Non proven,Hold
Conure,Lory,H18,Sun Conure,CKRE1595,,Non proven,Hold
Conure,Lory,H18,Sun Conure,CKRE1593,,Non proven,Hold
Conure,Lory,H19,Crimson Bellied conure,LPV016,,Proven,Hold
Conure,Lory,H19,Crimson Bellied conure,1DEERS176,,Proven,Hold
Conure,Lory,H20,Sun Conure,GB2927,,Proven,Hold
Conure,Lory,H20,Sun Conure,GB2707,,Proven,Hold
Conure,Lory,H21,Crimson Bellied conure,GLITUS48,,Proven,Hold
Conure,Lory,H21,Crimson Bellied conure,AF25,,Proven,Hold
Conure,Lory,H22,Sun Conure,GB2799,,Proven,Hold
Conure,Lory,H22,Sun Conure,GB2868,,Proven,Hold
Lory,Lory,H23,Black Capped Lory,JFS11,,Semi Adult,Hold
Lory,Lory,H24,Chattering Lory,CKRD1410,,Semi Adult,Hold
Conure,Lory,H25,Janday Conure,CKR057,,Proven,Hold
Conure,Lory,H25,Sun Conure,CKR21,,Proven,Hold
Conure,Lory,H26,Sun Conure,GD2692,,Proven,Hold
Conure,Lory,H26,Sun Conure,GD3183,,Proven,Hold
Conure,Lory,I 01,Crimson Bellied conure,TJ0789,,Non proven,Hold
Conure,Lory,I 01,Crimson Bellied conure,AP72786,,Non proven,Hold
Conure,Lory,I 02,Crimson Bellied conure,137,,Non proven,Hold
Conure,Lory,I 02,Crimson Bellied conure,HUANG.480,,Non proven,Hold
Conure,Lory,I 03,Crimson Bellied conure,HMS.19.197,,Non proven,Hold
Conure,Lory,I 03,Crimson Bellied conure,S.K319,,Non proven,Hold
Conure,Lory,I 04,Crimson Bellied conure,163,,Non proven,Hold
Conure,Lory,I 04,Crimson Bellied conure,3879,,Non proven,Hold
Parrot,Lory,I 05,Caique,CKR21,,Proven,Hold
Parrot,Lory,I 05,Caique,OMC038,,Proven,Hold
Conure,Lory,I 06,Crimson Bellied conure,PRCHAEARYRAVS063,,Proven,Hold
Conure,Lory,I 06,Crimson Bellied conure,AJWA06,,Proven,Hold
Parrot,Lory,I 07,Caique,G01,,Proven,Hold
Parrot,Lory,I 07,Caique,NORING,,Proven,Hold
Conure,Lory,I 08,Crimson Bellied conure,FAESAL547,,Proven,Hold
Conure,Lory,I 08,Crimson Bellied conure,376,,Proven,Hold
Conure,Lory,I 09,Blue throated Conure,NORING,,Proven,Hold
Conure,Lory,I 09,Blue throated Conure,NORING,,Proven,Hold
Conure,Lory,I 10,Crimson Bellied conure,RAGHU001,,Non proven,Hold
Conure,Lory,I 10,Crimson Bellied conure,RAJA110,,Non proven,Hold
Conure,Lory,I 11,Sun Conure,CKRE1614,,Non proven,Hold
Conure,Lory,I 11,Sun Conure,CKRE1596,,Non proven,Hold
Conure,Lory,I 12,Crimson Bellied conure,HOANG.571,,Non proven,Hold
Conure,Lory,I 12,Crimson Bellied conure,6R.FO248,,Non proven,Hold
Conure,Lory,I 13,Sun & Janday Conure,CKRE1589,,Non proven,Hold
Conure,Lory,I 13,Sun & Janday Conure,CKRE1569,,Non proven,Hold
Conure,Lory,I 14,Crimson Bellied conure,DVJ001,,Non proven,Hold
Conure,Lory,I 14,Crimson Bellied conure,DOONPET132,,Non proven,Hold
Conure,Lory,I 15,Sun Conure,CKRE1624,,Non proven,Hold
Conure,Lory,I 15,Sun Conure,CKRE1552,,Non proven,Hold
Conure,Lory,I 16,Crimson Bellied conure,GPWLWL0335515001,,Non proven,Hold
Conure,Lory,I 16,Crimson Bellied conure,ATR025,,Non proven,Hold
Conure,Lory,I 17,Sun Conure,CKRE1627,,Non proven,Hold
Conure,Lory,I 17,Sun Conure,CKRE1325,,Non proven,Hold
Conure,Lory,I 18,Crimson Bellied conure,ABML55937010044,,Non proven,Hold
Conure,Lory,I 18,Crimson Bellied conure,SIVA523,,Non proven,Hold
Conure,Lory,I 19,Sun Conure,CKRE1630,,Non proven,Hold
Conure,Lory,I 19,Sun Conure,CKRE1525,,Non proven,Hold
Conure,Lory,I 20,Crimson Bellied conure,GB2569,,Non proven,Hold
Conure,Lory,I 20,Crimson Bellied conure,GB2585,,Non proven,Hold
Conure,Lory,I 21,Sun Conure,CKRE1644,,Non proven,Hold
Conure,Lory,I 21,Sun Conure,CKRE1527,,Non proven,Hold
Conure,Lory,I 22,Crimson Bellied conure,FAISAL125,,Non proven,Hold
Conure,Lory,I 22,Crimson Bellied conure,YM132,,Non proven,Hold
Conure,Lory,J01,Sun Conure,CKRE1620,,Non proven,Hold
Conure,Lory,J01,Sun Conure,CKRE1629,,Non proven,Hold
Lory,Lory,J02,Violet necked Lory,VPW10,,Semi Adult,Hold
Lory,Lory,J02,Violet necked Lory,CKRD503,,Semi Adult,Hold
Conure,Lory,J03,Sun Conure,CKRE1331,,Non proven,Hold
Conure,Lory,J03,Sun Conure,CKRE1274,,Non proven,Hold
Conure,Lory,J04,Sun Conure,CKRE1606,,Non proven,Hold
Conure,Lory,J04,Sun Conure,CKRE1317,,Non proven,Hold
Conure,Lory,J05,Sun Conure,CKRE1814,,Non proven,Hold
Conure,Lory,J05,Sun Conure,CKRE1333,,Non proven,Hold
Conure,Lory,J06,Sun Conure,CKRE1313,,Non proven,Hold
Conure,Lory,J06,Sun Conure,CKRE1343,,Non proven,Hold
Conure,Lory,J07,Sun Conure,CKRD1383,,Non proven,Hold
Conure,Lory,J07,Sun Conure,CKRD151,,Non proven,Hold
Conure,Lory,J08,Sun Conure,CKRE1973,,Non proven,Hold
Conure,Lory,J08,Sun Conure,CKRE1336,,Non proven,Hold
Conure,Lory,J09,Sun Conure,CKRE1102,,Non proven,Hold
Conure,Lory,J09,Sun Conure,CKRE1095,,Non proven,Hold
Conure,Lory,J10,Sun Conure,CKRE1097,,Non proven,Hold
Conure,Lory,J10,Sun Conure,CKRE1462,,Non proven,Hold
Conure,Lory,J11,Sun Conure,CKRE1093,,Non proven,Hold
Conure,Lory,J12,Sun Conure,CKRD346,,Non proven,Hold
Conure,Lory,J12,Sun Conure,CKRD258,,Non proven,Hold
Conure,Lory,J13,Sun Conure,CKRE1727,,Non proven,Hold
Conure,Lory,J13,Sun Conure,CKRE1483,,Non proven,Hold
Conure,Lory,J14,Sun Conure,CKRD338,,Non proven,Hold
Conure,Lory,J14,Sun Conure,CKRD178,,Non proven,Hold
Conure,Lory,J15,Sun Conure,CKRE1306,,Non proven,Hold
Conure,Lory,J15,Sun Conure,CKRE1323,,Non proven,Hold
Conure,Lory,J16,Sun Conure,CKRE1500,,Non proven,Hold
Conure,Lory,J16,Sun Conure,CKRE1492,,Non proven,Hold
Conure,Lory,J17,Sun Conure,CKRE1961,,Non proven,Hold
Conure,Lory,J17,Sun Conure,CKRE1726,,Non proven,Hold
Conure,Lory,J18,Sun Conure,CKRE1985,,Non proven,Hold
Conure,Lory,J18,Sun Conure,CKRE1485,,Non proven,Hold
Conure,Lory,J19,Sun Conure,CKRE1766,,Non proven,Hold
Conure,Lory,J19,Sun Conure,CKRE1787,,Non proven,Hold
Conure,Lory,J20,Sun Conure,CKRE1285,,Non proven,Hold
Conure,Lory,J20,Sun Conure,CKRE1780,,Non proven,Hold
Conure,Lory,J21,Sun Conure,CKRE1123,,Non proven,Hold
Conure,Lory,J21,Sun Conure,CKRE1987,,Non proven,Hold
Conure,Lory,J22,Sun Conure,CKRE1491,,Non proven,Hold
Conure,Lory,J22,Sun Conure,CKRE1112,,Non proven,Hold
Conure,Lory,K01,Sun Conure,CKRE1056,,Non proven,Hold
Conure,Lory,K01,Sun Conure,CKRE1126,,Non proven,Hold
Conure,Lory,K02,Sun Conure,CKRE1111,,Non proven,Hold
Conure,Lory,K02,Sun Conure,CKRE1089,,Non proven,Hold
Conure,Lory,K03,Sun Conure,CKRE1114,,Non proven,Hold
Conure,Lory,K03,Sun Conure,CKRE1711,,Non proven,Hold
Conure,Lory,K04,Sun Conure,CKRE1765,,Non proven,Hold
Conure,Lory,K04,Sun Conure,CKRE1998,,Non proven,Hold
Conure,Lory,K05,Sun Conure,CKRE1827,,Non proven,Hold
Conure,Lory,K05,Sun Conure,CKRE1307,,Non proven,Hold
Conure,Lory,K06,Sun Conure,CKRE1565,,Non proven,Hold
Conure,Lory,K06,Sun Conure,CKRE1837,,Non proven,Hold
Conure,Lory,K07,Sun Conure,CKRE1495,,Non proven,Hold
Conure,Lory,K07,Sun Conure,CKRE1118,,Non proven,Hold
Conure,Lory,K08,Sun Conure,CKRE1706,,Proven,Hold
Conure,Lory,K08,Sun Conure,CKRE1139,,Proven,Hold
Conure,Lory,K09,Sun Conure,CKRE1131,,Non proven,Hold
Conure,Lory,K09,Sun Conure,CKRE1251,,Non proven,Hold
Conure,Lory,K10,Sun Conure,CKRE2003,,Non proven,Hold
Conure,Lory,K10,Sun Conure,CKRE2027,,Non proven,Hold
Conure,Lory,K11,Sun Conure,CKRE1497,,Non proven,Hold
Conure,Lory,K11,Sun Conure,CKRE1461,,Non proven,Hold
Conure,Lory,K12,Sun Conure,CKRE1802,,Non proven,Hold
Conure,Lory,K12,Sun Conure,CKRE1993,,Non proven,Hold
Conure,Lory,K13,Sun Conure,CKRE1767,,Non proven,Hold
Conure,Lory,K13,Sun Conure,CKRE2004,,Non proven,Hold
Conure,Lory,K14,Sun Conure,CKRE1755,,Non proven,Hold
Conure,Lory,K14,Sun Conure,CKRE1756,,Non proven,Hold
Conure,Lory,K15,Sun Conure,CKRE1478,,Non proven,Hold
Conure,Lory,K15,Sun Conure,CKRE1335,,Non proven,Hold
Conure,Lory,K16,Sun Conure,CKRE1994,,Non proven,Hold
Conure,Lory,K16,Sun Conure,CKRE1348,,Non proven,Hold
Conure,Lory,K17,Sun Conure,CKRE2000,,Non proven,Hold
Conure,Lory,K17,Sun Conure,CKRE1789,,Non proven,Hold
Conure,Lory,K18,Sun Conure,CKRE1476,,Non proven,Hold
Conure,Lory,K18,Sun Conure,CKRE1730,,Non proven,Hold
Conure,Lory,K19,Sun Conure,CKRE1533,,Non proven,Hold
Conure,Lory,K19,Sun Conure,CKRE1646,,Non proven,Hold
Conure,Lory,K20,Sun Conure,CKRE1465,,Non proven,Hold
Conure,Lory,K20,Janday Conure,CKRE1796,,Non proven,Hold
Conure,Lory,K21,Sun Conure,CKRE1760,,Non proven,Hold
Conure,Lory,K21,Sun Conure,CKRE1278,,Non proven,Hold
Conure,Lory,K22,Sun Conure,CKRE1764,,Non proven,Hold
Conure,Lory,K22,Sun Conure,CKRE1701,,Non proven,Hold
Conure,Macaw,M02,Sun Conure,CKRE1062,,Semi Adult,Hold
Conure,Macaw,M02,Sun Conure,CKRE1648,,Semi Adult,Hold
Conure,Macaw,M02,Sun Conure,CKRF724,,Semi Adult,Hold
Conure,Macaw,M02,Sun & Janday Conure,CKRF880,,Semi Adult,Hold
Conure,Macaw,M02,Sun Conure,CKRE1293,,Semi Adult,Hold
Conure,Macaw,M02,Sun Conure,CKRF725,,Semi Adult,Hold
Conure,Macaw,M02,Sun Conure,CKRF811,,Semi Adult,Hold
Conure,Macaw,M02,Sun Conure,CKRF722,,Semi Adult,Hold
Conure,Macaw,M02,Sun Conure,CKRE1340,,Semi Adult,Hold
Conure,Macaw,M02,Sun Conure,CKRF839,,Semi Adult,Hold
Conure,Macaw,M03,Sun Conure,CKRF888,,Semi Adult,Hold
Conure,Macaw,M03,Sun Conure,CKRF840,,Semi Adult,Hold
Conure,Macaw,M03,Sun & Janday Conure,NORING,,Semi Adult,Hold
Conure,Macaw,M03,Sun Conure,CKRE2002,,Semi Adult,Hold
Conure,Macaw,M03,Sun Conure,CKRF872,,Semi Adult,Hold
Conure,Macaw,M03,Sun Conure,CKRF831,,Semi Adult,Hold
Conure,Macaw,M03,Sun Conure,CKRF881,,Semi Adult,Hold
Conure,Macaw,M03,Sun & Janday Conure,CKRF717,,Semi Adult,Hold
Conure,Macaw,M03,Sun Conure,CKRF836,,Semi Adult,Hold
Conure,Macaw,M04,Sun Conure,CKRE1535,,Semi Adult,Hold
Conure,Macaw,M04,Sun Conure,CKRF877,,Semi Adult,Hold
Conure,Macaw,M04,Sun Conure,CKRF712,,Semi Adult,Hold
Conure,Macaw,M04,Sun Conure,CKRF862,,Semi Adult,Hold
Conure,Macaw,M04,Sun Conure,CKRF827,,Semi Adult,Hold
Conure,Macaw,M04,Sun Conure,CKRF151,,Semi Adult,Hold
Conure,Macaw,M04,Sun Conure,CKRF878,,Semi Adult,Hold
Conure,Macaw,M04,Sun & Janday Conure,CKRF838,,Semi Adult,Hold
Conure,Macaw,M04,Sun Conure,CKRF887,,Semi Adult,Hold
Conure,Macaw,M05,Sun Conure,CKRF826,,Semi Adult,Hold
Conure,Macaw,M05,Sun Conure,CKRF834,,Semi Adult,Hold
Conure,Macaw,M05,Sun Conure,CKRF858,,Semi Adult,Hold
Conure,Macaw,M05,Sun Conure,CKRF854,,Semi Adult,Hold
Conure,Macaw,M05,Sun Conure,CKRF701,,Semi Adult,Hold
Conure,Macaw,M05,Sun Conure,CKRF748,,Semi Adult,Hold
Conure,Macaw,M05,Sun Conure,CKRF185,,Semi Adult,Hold
Conure,Macaw,M05,Sun Conure,CKRF921,,Semi Adult,Hold
Conure,Macaw,M05,Sun Conure,CKRF707,,Semi Adult,Hold
Conure,Macaw,M05,Sun Conure,CKRF946,,Semi Adult,Hold
Conure,Macaw,M06,Sun Conure,CKRF857,,Semi Adult,Hold
Conure,Macaw,M06,Sun Conure,CKRF829,,Semi Adult,Hold
Conure,Macaw,M06,Sun Conure,CKRF705,,Semi Adult,Hold
Conure,Macaw,M06,Sun Conure,CKRF710,,Semi Adult,Hold
Conure,Macaw,M06,Sun Conure,CKRF855,,Semi Adult,Hold
Conure,Macaw,M06,Sun Conure,CKRF925,,Semi Adult,Hold
Conure,Macaw,M06,Sun Conure,CKRF711,,Semi Adult,Hold
Conure,Macaw,M06,Sun Conure,CKRF706,,Semi Adult,Hold
Conure,Macaw,M06,Sun Conure,CKRF716,,Semi Adult,Hold
Conure,Macaw,M06,Sun Conure,CKRF703,,Semi Adult,Hold
Conure,Macaw,M07,Sun Conure,CKRF924,,Semi Adult,Hold
Conure,Macaw,M07,Sun Conure,CKRE1328,,Semi Adult,Hold
Conure,Macaw,M07,Sun Conure,CKRF772,,Semi Adult,Hold
Conure,Macaw,M07,Sun Conure,CKRF718,,Semi Adult,Hold
Conure,Macaw,M07,Sun Conure,CKRF844,,Semi Adult,Hold
Conure,Macaw,M07,Sun Conure,CKRF837,,Semi Adult,Hold
Conure,Macaw,M07,Sun Conure,CKRF775,,Semi Adult,Hold
Conure,Macaw,M07,Sun Conure,CKRF861,,Semi Adult,Hold
Conure,Macaw,M07,Sun Conure,CKRF747,,Semi Adult,Hold
Conure,Macaw,M07,Janday Conure,CKRF866,,Semi Adult,Hold
Conure,Macaw,M08,Sun Conure,CKRF920,,Semi Adult,Hold
Conure,Macaw,M08,Sun Conure,CKRF914,,Semi Adult,Hold
Conure,Macaw,M08,Sun Conure,CKRF944,,Semi Adult,Hold
Conure,Macaw,M08,Sun Conure,CKRF800,,Semi Adult,Hold
Conure,Macaw,M08,Sun Conure,CKRF999,,Semi Adult,Hold
Conure,Macaw,M08,Sun Conure,CKRF871,,Semi Adult,Hold
Conure,Macaw,M08,Sun Conure,CKRF945,,Semi Adult,Hold
Conure,Macaw,M08,Sun Conure,CKRF843,,Semi Adult,Hold
Conure,Macaw,M08,Sun Conure,CKRF886,,Semi Adult,Hold
Conure,Macaw,M08,Sun Conure,CKRF830,,Semi Adult,Hold
Conure,Macaw,M09,Sun Conure,CKRF948,,Semi Adult,Hold
Conure,Macaw,M09,Sun Conure,CKRF997,,Semi Adult,Hold
Conure,Macaw,M09,Sun Conure,CKRF869,,Semi Adult,Hold
Conure,Macaw,M09,Sun Conure,CKRF771,,Semi Adult,Hold
Conure,Macaw,M09,Sun Conure,CKRF833,,Semi Adult,Hold
Conure,Macaw,M09,Sun Conure,CKRF873,,Semi Adult,Hold
Conure,Macaw,M09,Sun Conure,CKRF892,,Semi Adult,Hold
Conure,Macaw,M09,Sun Conure,CKRF695,,Semi Adult,Hold
Conure,Macaw,M09,Sun Conure,CKRF958,,Semi Adult,Hold
Conure,Macaw,M09,Sun Conure,CKRF962,,Semi Adult,Hold
Conure,Macaw,M10,Sun Conure,CKRF961,,Semi Adult,Hold
Conure,Macaw,M10,Sun Conure,CKRF1000,,Semi Adult,Hold
Conure,Macaw,M10,Sun Conure,CKRF967,,Semi Adult,Hold
Conure,Macaw,M10,Sun Conure,CKRF700,,Semi Adult,Hold
Conure,Macaw,M10,Sun Conure,CKRF960,,Semi Adult,Hold
Conure,Macaw,M10,Sun Conure,CKRF694,,Semi Adult,Hold
Conure,Macaw,M10,Sun Conure,CKRF693,,Semi Adult,Hold
Conure,Macaw,M10,Sun Conure,CKRF919,,Semi Adult,Hold
Conure,Macaw,M10,Sun Conure,CKRF699,,Semi Adult,Hold
Conure,Macaw,M10,Sun Conure,CKRF956,,Semi Adult,Hold
Conure,Macaw,M11,Sun Conure,CKRF931,,Semi Adult,Hold
Conure,Macaw,M11,Sun Conure,CKRF908,,Semi Adult,Hold
Conure,Macaw,M11,Sun Conure,CKRF930,,Semi Adult,Hold
Conure,Macaw,M11,Sun Conure,CKRF038,,Semi Adult,Hold
Conure,Macaw,M11,Sun Conure,CKRF935,,Semi Adult,Hold
Conure,Macaw,M11,Janday Conure,CKRF934,,Semi Adult,Hold
Conure,Macaw,M11,Sun Conure,CKRF987,,Semi Adult,Hold
Conure,Macaw,M11,Sun Conure,CKRF926,,Semi Adult,Hold
Conure,Macaw,M11,Sun Conure,CKRF688,,Semi Adult,Hold
Conure,Macaw,M11,Sun Conure,CKRF972,,Semi Adult,Hold
Monk,Macaw,M12,Monk-Blue,GB225,,Semi Adult,Hold
Monk,Macaw,M12,Monk-Blue,RS13P89,,Semi Adult,Hold
Monk,Macaw,M12,Monk-Lutino,147794,,Semi Adult,Hold
Monk,Macaw,M12,Monk-Lutino,CZ1425,,Semi Adult,Hold
Monk,Macaw,M12,Monk-Lutino,CKRC289,,Semi Adult,Hold
Monk,Macaw,M12,Monk-Blue,LP01E96013,,Semi Adult,Hold
Monk,Macaw,M12,Monk-Blue,CKRC250,,Semi Adult,Hold
Monk,Macaw,M12,Monk-Blue,VV03E85,,Semi Adult,Hold
Monk,Macaw,M12,Monk-Blue,GB227,,Semi Adult,Hold
Monk,Macaw,M12,Monk-Blue,EK0206E13010,,Semi Adult,Hold
Monk,Macaw,M12,Monk-Dilute Blue,CKRB28,,Semi Adult,Hold
Monk,Macaw,M12,Monk-Blue Cinnamon,SBWQUP002,,Semi Adult,Hold
Monk,Macaw,M12,Monk-Green,JV11F147,,Semi Adult,Hold
Monk,Macaw,M12,Monk-Green,AS12E407,,Semi Adult,Hold
Monk,Macaw,M12,Monk-Green,AS12E48314,,Semi Adult,Hold
Monk,Macaw,M12,Monk-Green,AS12E48814,,Semi Adult,Hold
Monk,Macaw,M12,Monk-Green,AS12E48714,,Semi Adult,Hold
Monk,Macaw,M12,Monk-Green,JV11F116,,Semi Adult,Hold
Monk,Macaw,M12,Monk-Blue,CKRC260,,Semi Adult,Hold
Monk,Macaw,M12,Monk-Blue,CKRA392/CKRA394,,Semi Adult,Hold
Conure,Macaw,M13,Sun Conure,CKRE2070,,Semi Adult,Hold
Conure,Macaw,M13,Sun Conure,CKRF004,,Semi Adult,Hold
Conure,Macaw,M13,Sun Conure,CKRF006,,Semi Adult,Hold
Conure,Macaw,M13,Sun Conure,CKRF983,,Semi Adult,Hold
Conure,Macaw,M13,Janday Conure,CKRF036,,Semi Adult,Hold
Conure,Macaw,M13,Janday Conure,CKRF968,,Semi Adult,Hold
Conure,Macaw,M13,Janday Conure,CKRF907,,Semi Adult,Hold
Conure,Macaw,M13,Sun Conure,CKRF001,,Semi Adult,Hold
Conure,Macaw,M13,Sun & Janday Conure,CKRE1486,,Semi Adult,Hold
Conure,Macaw,M13,Sun Conure,CKRF083,,Semi Adult,Hold
Conure,Macaw,M15,Sun Conure,CKRE1318,,Semi Adult,Hold
Conure,Macaw,M15,Sun Conure,GB,,Semi Adult,Hold
Conure,Macaw,M16,Sun Conure,CKRF689,,Semi Adult,Hold
Conure,Macaw,M16,Sun & Janday Conure,CKRF139,,Semi Adult,Hold
Conure,Macaw,M16,Janday Conure,CKRF696,,Semi Adult,Hold
Conure,Macaw,M16,Sun Conure,CKRF003,,Semi Adult,Hold
Conure,Macaw,M16,Sun Conure,CKRF021,,Semi Adult,Hold
Conure,Macaw,M16,Sun Conure,CKRF901,,Semi Adult,Hold
Conure,Macaw,M16,Sun Conure,CKRF953,,Semi Adult,Hold
Conure,Macaw,M16,Sun Conure,CKRF007,,Semi Adult,Hold
Conure,Macaw,M16,Sun Conure,CKRF697,,Semi Adult,Hold
Conure,Macaw,M17,Sun Conure,CKRF087,,Semi Adult,Hold
Conure,Macaw,M17,Sun Conure,CKRF685,,Semi Adult,Hold
Conure,Macaw,M17,Sun Conure,CKRF802,,Semi Adult,Hold
Conure,Macaw,M17,Sun Conure,CKRF804,,Semi Adult,Hold
Conure,Macaw,M17,Sun Conure,CKRF824,,Semi Adult,Hold
Conure,Macaw,M17,Sun Conure,CKRF849,,Semi Adult,Hold
Conure,Macaw,M17,Sun Conure,CKRF848,,Semi Adult,Hold
Conure,Macaw,M17,Sun Conure,CKRF885,,Semi Adult,Hold
Conure,Macaw,M17,Sun Conure,CKRF807,,Semi Adult,Hold
Conure,Macaw,M17,Sun Conure,CKRF805,,Semi Adult,Hold
Conure,Macaw,M18,Sun Conure,CKRF714,,Semi Adult,Hold
Conure,Macaw,M18,Sun Conure,CKRF816,,Semi Adult,Hold
Conure,Macaw,M18,Sun Conure,CKRF896,,Semi Adult,Hold
Conure,Macaw,M18,Sun Conure,CKRF171,,Semi Adult,Hold
Conure,Macaw,M18,Sun Conure,CKRF147,,Semi Adult,Hold
Conure,Macaw,M18,Sun Conure,CKRF188,,Semi Adult,Hold
Conure,Macaw,M18,Sun Conure,CKRF850,,Semi Adult,Hold
Conure,Macaw,M18,Sun Conure,CKRF822,,Semi Adult,Hold
Conure,Macaw,M18,Sun Conure,CKRF159,,Semi Adult,Hold
Conure,Macaw,M18,Sun Conure,CKRF897,,Semi Adult,Hold
Conure,Macaw,M19,Sun Conure,CKRF715,,Semi Adult,Hold
Conure,Macaw,M19,Sun Conure,CKRF890,,Semi Adult,Hold
Conure,Macaw,M19,Sun Conure,CKRF803,,Semi Adult,Hold
Conure,Macaw,M19,Sun Conure,CKRF641,,Semi Adult,Hold
Conure,Macaw,M19,Sun Conure,CKRF640,,Semi Adult,Hold
Conure,Macaw,M19,Sun Conure,CKRF684,,Semi Adult,Hold
Conure,Macaw,M19,Sun Conure,CKRE1875,,Semi Adult,Hold
Conure,Macaw,M19,Sun Conure,CKRE1878,,Semi Adult,Hold
Conure,Macaw,M19,Sun Conure,CKRE1877,,Semi Adult,Hold
Conure,Macaw,M19,Sun Conure,CKRF674,,Semi Adult,Hold
Conure,Macaw,M21,Sun Conure,CKRF798,,Semi Adult,Hold
Conure,Macaw,M21,Sun Conure,CKRF708,,Semi Adult,Hold
Conure,Macaw,M21,Sun Conure,CKRF702,,Semi Adult,Hold
Conure,Macaw,M21,Sun Conure,CKRF979,,Semi Adult,Hold
Conure,Macaw,M21,Sun Conure,CKRF911,,Semi Adult,Hold
Conure,Macaw,M21,Sun Conure,CKRF860,,Semi Adult,Hold
Conure,Macaw,M21,Sun Conure,CKRF713,,Semi Adult,Hold
Conure,Macaw,M21,Sun Conure,CKRF856,,Semi Adult,Hold
Conure,Macaw,M21,Sun Conure,CKRF746,,Semi Adult,Hold
Conure,Macaw,M24,Sun Conure,CKRF922,,Semi Adult,Hold
Conure,Macaw,M24,Sun Conure,CKRF709,,Semi Adult,Hold
Conure,Macaw,M24,Sun Conure,CKRF923,,Semi Adult,Hold
Conure,Macaw,M24,Sun Conure,CKRF899,,Semi Adult,Hold
Conure,Macaw,M24,Sun Conure,CKRF057,,Semi Adult,Hold
Conure,Macaw,M24,Sun Conure,CKRF056,,Semi Adult,Hold
Conure,Macaw,M24,Sun Conure,CKRF058,,Semi Adult,Hold
Conure,Macaw,M24,Sun Conure,CKRF676,,Semi Adult,Hold
Conure,Macaw,M24,Sun Conure,CKRE1876,,Semi Adult,Hold
Conure,Macaw,M24,Sun Conure,CKRF938,,Semi Adult,Hold
Conure,Macaw,M25,Crimson Bellied conure,MONI.140,,Semi Adult,Hold
Conure,Macaw,M25,Crimson Bellied conure,NORING,,Semi Adult,Hold
Conure,Macaw,M25,Crimson Bellied conure,GB2511,,Semi Adult,Hold
Conure,Macaw,M25,Sun Conure,GB3054,,Proven,Hold
Conure,Macaw,M25,Sun Conure,GB3073,,Semi Adult,Hold
Conure,Macaw,M26,Sun Conure,CKRF891,,Semi Adult,Hold
Conure,Macaw,M26,Sun Conure,CKRF642,,Semi Adult,Hold
Conure,Macaw,M26,Sun Conure,CKRF055,,Semi Adult,Hold
Conure,Macaw,M26,Sun Conure,CKRF054,,Semi Adult,Hold
Conure,Macaw,M26,Sun Conure,CKRF951,,Semi Adult,Hold
Conure,Macaw,M26,Sun Conure,CKRF687,,Semi Adult,Hold
Conure,Macaw,M26,Sun Conure,CKRF683,,Semi Adult,Hold
Conure,Macaw,M26,Sun Conure,CKRF059,,Semi Adult,Hold
Conure,Macaw,M26,Sun Conure,CKRF061,,Semi Adult,Hold
Conure,Macaw,M26,Sun Conure,CKRF678,,Semi Adult,Hold
Parrot,Macaw,M29,Red Belly,CKRF321,,Semi Adult,Hold
Parrot,Macaw,M29,Red Belly,CKRF334,,Semi Adult,Hold
Lorikeet,Macaw,Treatment,Scaly Breasted Lorikeet,CKRA153,,Proven,Hold
Conure,Macaw,Treatment,Sun Conure,CKRF810,,Semi Adult,Hold
Conure,Macaw,Treatment,Sun Conure,CKRE1531,,Semi Adult,Hold
Conure,Macaw,Treatment,Sun Conure,GB2902,,Proven,Hold
Conure,Macaw,Treatment,Sun Conure,CKRF060,,Semi Adult,Hold
Conure,Macaw,Treatment,Sun Conure,GB2982,,Proven,Hold
Lorikeet,Macaw,Treatment,Olive Red collar Lorikeet,1000,,Semi Adult,Hold
Conure,Macaw,Treatment,Sun Conure,GD2883,,Semi Adult,Hold
Conure,Macaw,Treatment,Sun Conure,CKRE1099,,Non proven,Hold
Conure,Macaw,Treatment,Sun Conure,CKRD154,,Proven,Hold
Conure,Macaw,Treatment,Sun Conure,CKRF082,,Semi Adult,Hold
Conure,Macaw,Treatment,Sun Conure,CKRE1724,,Non proven,Hold
Conure,Macaw,Treatment,Sun Conure,GB3050,,Proven,Hold
Conure,Macaw,Treatment,Sun Conure,CKRD841,,Proven,Hold
Conure,Macaw,Treatment,Sun Conure,GB3189,,Proven,Hold
Conure,Macaw,Treatment,Nansun Conure,CKRC338,,Proven,Hold
Conure,Macaw,Treatment,Sun Conure,CKRA352,,Proven,Hold
Conure,Macaw,Treatment,Sun Conure,GB2776,,Proven,Hold
Conure,Macaw,Treatment,Janday Conure,CKR121,,Proven,Hold
Conure,Macaw,Treatment,Sun Conure,CKRE2076,,Semi Adult,Hold
Conure,Macaw,Treatment,Sun Conure,CKRE1083,,Non proven,Hold
Conure,Cockatoo,Treatment,Sun Conure,CKRE2144,,Semi Adult,Hold
Love Birds,School,S03,Violet Masked,CKRF1220,,Proven,Hold
Love Birds,School,S03,Violet Masked,CKRF1218,,Proven,Hold
Love Birds,School,S03,Lutino Peach,CKRF1225,,Proven,Hold
Love Birds,School,S03,Lotion Offline,CKRC007,,Proven,Hold
Love Birds,School,S04,Violet Masked,CKRF1217,,Proven,Hold
Love Birds,School,S04,Violet Masked,CKRA341,,Proven,Hold
Love Birds,School,S05,Violet Masked,CKRB022,,Proven,Hold
Love Birds,School,S05,Violet Masked,CKRF1212,,Proven,Hold
Love Birds,School,S06,Violet Masked,CKRF1213,,Proven,Hold
Love Birds,School,S06,Violet Masked,CKRC024,,Proven,Hold
Love Birds,School,S07,Violet Masked,CKRF1227,,Semi Adult,Hold
Love Birds,School,S07,Lutino Peach,CKRA307,,Proven,Hold
Love Birds,School,S07,Lutino Peach,CKRA316,,Proven,Hold
Love Birds,School,S08,Violet Masked,CKRC008,,Proven,Hold
Love Birds,School,S08,Violet Masked,CKRF1180,,Proven,Hold
Love Birds,School,S08,Lutino Peach,CKRC019,,Proven,Hold
Love Birds,School,S08,Lutino Peach,CKRA311,,Proven,Hold
Love Birds,School,S09,Violet Masked,CKRF1211,,Proven,Hold
Love Birds,School,S09,Violet Masked,CKRC013,,Proven,Hold
Love Birds,School,S09,Lutino Peach,CKRC021,,Proven,Hold
Love Birds,School,S09,Lutino Peach,CKRA342,,Proven,Hold
Love Birds,School,S10,Violet Masked,CKRF1214,,Proven,Hold
Love Birds,School,S10,Violet Masked,CKRF1226,,Proven,Hold
Love Birds,School,S10,Lutino Peach,CKRA305,,Proven,Hold
Love Birds,School,S10,Lutino Peach,CKRC014,,Proven,Hold
Love Birds,School,S11,Violet Masked,CKRC006,,Proven,Hold
Love Birds,School,S11,Violet Masked,CKRF1224,,Proven,Hold
Love Birds,School,S11,Lutino Peach,CKRA336,,Proven,Hold
Love Birds,School,S11,Lutino Peach,CKRA333,,Proven,Hold
Love Birds,School,S12,Violet Masked,CKRF1221,,Proven,Hold
Love Birds,School,S12,Violet Masked,CKRC017,,Proven,Hold
Love Birds,School,S12,Lutino Peach,CKRC022,,Proven,Hold
Love Birds,School,S12,Lutino Peach,CKRC010,,Proven,Hold
Love Birds,School,S13,Violet Masked,CKRF1216,,Proven,Hold
Love Birds,School,S13,Violet Masked,CKRC002,,Proven,Hold
Love Birds,School,S13,Lutino Peach,CKRC018,,Proven,Hold
Love Birds,School,S13,Lutino Peach,CKRA310,,Proven,Hold
Love Birds,School,S14,Lutino Peach,CKRA313,,Proven,Hold
Love Birds,School,S14,Lutino Peach,CKRD1890,,Proven,Hold
Love Birds,School,S14,Violet Masked,CKRD023,,Semi Adult,Hold
Love Birds,School,S15,Violet Masked,CKRF1222,,Proven,Hold
Love Birds,School,S15,Violet Masked,CKRC011,,Proven,Hold
Love Birds,School,S15,Lutino Peach,CKRC092,,Proven,Hold
Love Birds,School,S15,Lutino Peach,CKRC016,,Proven,Hold
Love Birds,School,S16,Violet Masked,CKRC001,,Proven,Hold
Love Birds,School,S16,Violet Masked,CKRB017,,Proven,Hold
Love Birds,School,S19,Lutino Peach,CKRA092,,Proven,Hold
Love Birds,School,S19,Lutino Peach,CKRC005,,Proven,Hold
Love Birds,School,S20,Lotion Offline,CKRC025,,Semi Adult,Hold
Love Birds,School,S20,Lotion Offline,CKRA315,,Semi Adult,Hold
Love Birds,School,S19,Violet Masked,CKRB023,,Proven,Hold
Love Birds,School,S19,Violet Masked,CKRF1219,,Proven,Hold
Love Birds,School,S18,Violet Masked,CKRA012,,Semi Adult,Hold
Love Birds,School,S17,Violet Masked,CKRA309,,Semi Adult,Hold
Love Birds,School,S17,Violet Masked,CKRC004,,Semi Adult,Hold
Love Birds,School,,Violet Masked,CKRC003,,Semi Adult,Hold
Love Birds,School,,Violet Masked,CKRC020,,Semi Adult,Hold
Love Birds,School,S21,Violet Masked,CKRC015,,Semi Adult,Hold
Love Birds,School,Travel Cage 1,Lutino Peach,ACEIND011,,Semi Adult,Hold
Love Birds,School,Travel Cage 2,Lutino Peach,ACEIND012,,Semi Adult,Hold
Love Birds,School,Travel Cage 2,Lutino Peach,ACEIND008,,Semi Adult,Hold
Love Birds,School,Travel Cage 2,Lutino Peach,ACEIND002,,Semi Adult,Hold
Love Birds,School,Travel Cage 3,Violet Masked,ACEIND022,,Semi Adult,Hold
Love Birds,School,Travel Cage 4,Lutino Peach,ACEIND006,,Semi Adult,Hold
Love Birds,School,Travel Cage 4,Lutino Peach,ACEIND014,,Semi Adult,Hold
Love Birds,School,Travel Cage 4,Lutino Peach,ACEIND016,,Semi Adult,Hold
Love Birds,School,Travel Cage 4,Lutino Peach,ACEIND020,,Semi Adult,Hold
Love Birds,School,Travel Cage 5,Lutino Peach,ACEIND001,,Semi Adult,Hold
Parrot,Aruvi,A01,Timney Gray Parrot,GF0487,,Proven,Hold
Parrot,Aruvi,A01,Timney Gray Parrot,GF0485,,Proven,Hold
Parrot,Aruvi,A02,Timney Gray Parrot,CKR.13,,Proven,Hold
Parrot,Aruvi,A02,Timney Gray Parrot,13,,Proven,Hold
Parrot,Aruvi,A03,Gray parrot,SV0019,,Proven,Hold
Parrot,Aruvi,A03,Gray parrot,VPW287,,Proven,Hold
Parrot,Aruvi,A04,Gray parrot,SG279,,Proven,Hold
Parrot,Aruvi,A04,Gray parrot,SG270,,Proven,Hold
Parrot,Aruvi,A05,Gray parrot,SG263,,proven,Hold
Parrot,Aruvi,A05,Gray parrot,SG273,,proven,Hold
Parrot,Aruvi,A06,Gray parrot,SG282,,proven,Hold
Parrot,Aruvi,A06,Gray parrot,SG382,,proven,Hold
Parrot,Aruvi,A07,Gray parrot,SG255,,Non proven,Hold
Parrot,Aruvi,A07,Gray parrot,SG288,,Non proven,Hold
Parrot,Aruvi,A08,Gray parrot,VPW220,,proven,Hold
Parrot,Aruvi,A08,Gray parrot,SG384,,proven,Hold
Parrot,Aruvi,A09,Gray parrot,SV0010,,Proven,Hold
Parrot,Aruvi,A09,Gray parrot,CKR0001C,,Proven,Hold
Parrot,Aruvi,A10,Gray parrot,VPW274,,Proven,Hold
Parrot,Aruvi,A10,Gray parrot,VPW288,,Proven,Hold
Parrot,Aruvi,A11,Gray parrot,CKR0038,,Proven,Hold
Parrot,Aruvi,A11,Gray parrot,JFS46,,Proven,Hold
Parrot,Aruvi,A12,Gray parrot,CKR0011,,Proven,Hold
Parrot,Aruvi,A12,Gray parrot,VPW293,,Proven,Hold
Cockatoo,Aruvi,A17,Galah Cockatoo,JOC8512,,Proven,Hold
Cockatoo,Aruvi,A17,Major Mitchell's Cockatoo,CKR0042,,Proven,Hold
Cockatoo,Aruvi,A18,Galah Cockatoo,253T30906004,,Proven,Hold
Cockatoo,Aruvi,A18,Galah Cockatoo,CR06K11,,Proven,Hold
Amazon,Aruvi,A19,Cuban Amazon,AG1023,,Proven,Hold
Amazon,Aruvi,A19,Cuban Amazon,BNAAZ403436901195D,,Proven,Hold
Amazon,Aruvi,A20,Red Lored Amazon,14AV,,Non proven,Hold
Amazon,Aruvi,A20,Red Lored Amazon,16RBE33,,Non proven,Hold
Amazon,Aruvi,A21,Double Yellow Headed Amazon,GFCL298,,Proven,Hold
Amazon,Aruvi,A21,Double Yellow Headed Amazon,GFCL291,,Proven,Hold
Amazon,Aruvi,A22,Red Lored Amazon,036B1,,Non proven,Hold
Amazon,Aruvi,A22,Red Lored Amazon,170PV12,,Non proven,Hold
Amazon,Aruvi,A23,Blue Fronted Amazon,10WA15,,Non proven,Hold
Amazon,Aruvi,A23,Blue Fronted Amazon,LDFC853/016,,Non proven,Hold
Amazon,Aruvi,A24,Blue fronted amazon,PAVW199,,Proven,Hold
Amazon,Aruvi,A24,Blue fronted amazon,10WA17,,Proven,Hold
Parrot,Aruvi,A25,Jardin,GSH03,,Proven,Hold
Parrot,Aruvi,A25,Jardin,101,,Proven,Hold
Lorikeet,Garden,B01,Green Napped Lorikeet,YUV295,,Proven single,Hold
Lorikeet,Garden,B02,Olive Swainson Lorikeet,CKRB205,,Proven single,Hold
Lorikeet,Garden,B03,Red Collared Lorikeet,CKRF386,,single,Hold
Lorikeet,Garden,B03,Red Collared Lorikeet,CKRE1224,,single,Hold
Lorikeet,Garden,B04,Red Collared Lorikeet,CKRD059,,single,Hold
Lorikeet,Garden,B04,Swainson Lorikeet,CKRD674,,single,Hold
Lory,Garden,B05,Red Lory ,CKRD626,,single,Hold
Lory,Garden,B06,Black Capped Lory,CKRD1627,,single,Hold
Lory,Garden,B06,Black Capped Lory,CKRD1591,,single,Hold
Lory,Garden,B07,Black Capped Lory,CKRD693,,single,Hold
Lory,Garden,B08,Yellow bibbed Lory,CKRD1619,,single,Hold
Lory,Garden,B09,Red Lory ,CKRD1605,,single,Hold
Lory,Garden,B09,Red Lory ,CKRD1607,,single,Hold
Lory,Garden,B10,Red Lory ,CKRD1548,,single,Hold
Lory,Garden,B12,Red Lory ,CKRE1591,,single,Hold
Lory,Garden,B12,Red Lory ,CKRE1978,,single,Hold
Lory,Garden,B13,Red Lory ,CKRD625,,single,Hold
Lory,Garden,B13,Red Lory ,CKRE1636,,single,Hold
Lory,Garden,B14,Red Lory ,CKRD1527,,single,Hold
Lory,Garden,B15,Red Lory ,CKRE1563,,single,Hold
Lorikeet,Garden,B16,Olive Red collar Lorikeet,BL055,,single,Hold
Lorikeet,Garden,B16,Olive Swainson Lorikeet,CKRF428,,single,Hold
Lorikeet,Garden,B17,Red Collared Lorikeet,CKRE1917,,single,Hold
Lorikeet,Garden,B17,Red Collared Lorikeet,CKRE1272,,single,Hold
Lorikeet,Garden,B18,Swainson Lorikeet,CKRD667,,single,Hold
Lorikeet,Garden,B19,Swainson Lorikeet,CKRE1216,,single,Hold
Lorikeet,Garden,B19,Swainson Lorikeet,CKRD1408,,single,Hold
Lory,Garden,B20,Chattering Lory,CKRC400,,single,Hold
Lorikeet,Garden,B21,Swainson Lorikeet,CKRE1406,,single,Hold
Lorikeet,Garden,B21,Swainson Lorikeet,CKRE1255,,single,Hold
Lorikeet,Garden,B22,Olive Swainson Lorikeet,CKRE1926,,single,Hold
Cockatoo,Garden,C01,Triton Cockatoo,GFC069,,Vikram bird,Hold
Conure,Garden,C02,Golden Conure,LHF331,,Single proven,Hold
Conure,Garden,C03,Sun Conure,CKRE1286,,,Hold
Conure,Garden,C04,Sun Conure,CKRE1571,,,Hold
Conure,Garden,C05,Sun Conure,CKRF117,,,Hold
Conure,Garden,C06,Sun Conure,CKRF817,,,Hold
Conure,Garden,C07,Sun Conure,CKRE1811,,,Hold
Conure,Garden,C08,Sun Conure,CKRF102,,,Hold
Conure,Garden,C09,Sun Conure,CKRF142,,,Hold
Conure,Garden,C10,Sun Conure,CKRE1645,,,Hold
Conure,Garden,C11,Sun Conure,CKRF134,,,Hold
Conure,Garden,C12,Sun Conure,CKRF101,,,Hold
Conure,Garden,C13,Sun Conure,CKRE1572,,,Hold
Conure,Garden,C14,Sun Conure,CKRF156,,,Hold
Conure,Garden,C15,Sun Conure,CKRE1342,,,Hold
Conure,Garden,C16,Sun Conure,CKRF141,,,Hold
Conure,Garden,C17,Sun Conure,CKRE1330,,,Hold
Conure,Garden,C18,Sun Conure,CKRF176,,,Hold
Cockatoo,Guest house,G01,Mollucan Cockatoo,GFCL618,,Single,Hold
Cockatoo,Guest house,G02,Mollucan Cockatoo,SSG-176,,Single,Hold
Parrot,Guest house,G03,Gray parrot,P3SG27,,Single,Hold
Macaw,Solai,S09,Blue Gold Macaw,CKR0056,,Non proven,Hold
Macaw,Solai,S09,Blue Gold Macaw,JFS207,,Non proven,Hold
Macaw,Solai,S10,Green winged Macaw,GF01,,Non proven,Hold
Macaw,Solai,S10,Green winged Macaw,M01,,Non proven,Hold
Macaw,Solai,S11,Blue Gold Macaw,NB125NT2,,Non proven,Hold
Macaw,Solai,S11,Blue Gold Macaw,JFS218,,Non proven,Hold
Macaw,Solai,S12,Blue Gold Macaw,JFS221,,Non proven,Hold
Macaw,Solai,S12,Blue Gold Macaw,JP416,,Non proven,Hold
Macaw,Solai,S14,Scarlet Macaw,LA414,,Non proven,Hold
Macaw,Solai,S14,Scarlet Macaw,LFC3,,Non proven,Hold
Cockatoo,Solai,S02,Triton Cockatoo,CKRA069,,Single provEN,Hold
Cockatoo,Solai,S03,Major Mitchell's Cockatoo,89PINZ14,,Single,Hold
Cockatoo,Solai,S04,Mollucan Cockatoo,PABW031,,Proven Single,Hold
Cockatoo,Solai,S04,Mollucan Cockatoo,SSG-194,,Single,Hold
Parrot,Solai,S05,Gray parrot,P21310,,Single,Hold
Parrot,Solai,S05,Gray parrot,SV002,,Single,Hold
Parrot,Solai,S05,Gray parrot,CKR0005,,Single,Hold
Cockatoo,Solai,S06,Major Mitchell's Cockatoo,93PINZ14,,Single provEN,Hold
Macaw,Solai,S07,Blue Gold Macaw,,,SINGLE,Hold
Cockatoo,Solai,S08,Medium Sulphur Cockatoo,CKRA037,,Single,Hold
Macaw,Thendral,T01,Green winged Macaw,,,Proven,Hold
Macaw,Thendral,T01,Green winged Macaw,,,Proven,Hold
Macaw,Thendral,T02,Scarlet Macaw,NORING(GFO039),,Non proven,Hold
Macaw,Thendral,T02,Scarlet Macaw,13(VJ013),,Non proven,Hold
Macaw,Thendral,T03,Scarlet Macaw,CY435,,Proven,Hold
Macaw,Thendral,T03,Scarlet Macaw,LHM22,,Proven,Hold
Macaw,Thendral,T04,Scarlet Macaw,FFA401(EFA401),,Proven,Hold
Macaw,Thendral,T04,Scarlet Macaw,019(SAT8019),,Proven,Hold
Macaw,Thendral,T05,Scarlet Macaw,OO32,,Proven,Hold
Macaw,Thendral,T05,Scarlet Macaw,OO38,,Proven,Hold
Macaw,Thendral,T06,Blue Gold Macaw,22,,Proven,Hold
Macaw,Thendral,T06,Blue Gold Macaw,CKR0083,,Proven,Hold
Macaw,Thendral,T07,Blue Gold Macaw,JP404,,Proven,Hold
Macaw,Thendral,T07,Blue Gold Macaw,JFS210,,Proven,Hold
Macaw,Thendral,T08,Blue Gold Macaw,CKR24,,Proven,Hold
Macaw,Thendral,T08,Blue Gold Macaw,CKR20,,Proven,Hold
Macaw,Thendral,T09,Blue Gold Macaw,,,Proven,Hold
Macaw,Thendral,T09,Blue Gold Macaw,,,Proven,Hold
Macaw,Thendral,T10,Blue Gold Macaw,JFS201,,Non proven,Hold
Macaw,Thendral,T10,Blue Gold Macaw,CKR23,,Non proven,Hold
Macaw,Thendral,T11,Blue Gold Macaw,JFS208,,Proven,Hold
Macaw,Thendral,T11,Blue Gold Macaw,JFS223,,Proven,Hold
Cockatoo,Vasantham,V01,Mollucan Cockatoo,,,Proven,Hold
Cockatoo,Vasantham,V01,Mollucan Cockatoo,PABW052,,Proven,Hold
Cockatoo,Vasantham,V02,Mollucan Cockatoo,PABW001,,Proven,Hold
Cockatoo,Vasantham,V02,Mollucan Cockatoo,PABW036,,Proven,Hold
Cockatoo,Vasantham,V03,Goffin Cockatoo,167,,Proven,Hold
Cockatoo,Vasantham,V03,Goffin Cockatoo,175,,Proven,Hold
Cockatoo,Vasantham,V04,Goffin Cockatoo,141,,Non proven,Hold
Cockatoo,Vasantham,V04,Goffin Cockatoo,157,,Non proven,Hold
Cockatoo,Vasantham,V05,Medium Sulphur Cockatoo,CKR0002,,Proven,Hold
Cockatoo,Vasantham,V05,Medium Sulphur Cockatoo,CKR03,,Proven,Hold
Cockatoo,Vasantham,V06,Triton Cockatoo,CKRA023,,Proven,Hold
Cockatoo,Vasantham,V06,Triton Cockatoo,CKRA044,,Proven,Hold
Cockatoo,Vasantham,V07,Triton Cockatoo,NORING,,Non proven,Hold
Cockatoo,Vasantham,V07,Triton Cockatoo,CKRA042,,Non proven,Hold
Cockatoo,Vasantham,V08,Triton Cockatoo,CKRA025,,Proven,Hold
Cockatoo,Vasantham,V08,Triton Cockatoo,CKRA013,,Proven,Hold
Cockatoo,Vasantham,V09,Triton Cockatoo,CKR26/28,,Proven,Hold
Cockatoo,Vasantham,V09,Triton Cockatoo,CKRA019,,Proven,Hold
Cockatoo,Vasantham,V10,Umbrella Cockatoo,CKRC006,,Proven,Hold
Cockatoo,Vasantham,V10,Umbrella Cockatoo,NORING,,Proven,Hold
Cockatoo,Vasantham,V11,Triton Cockatoo,CKRA041,,Non proven,Hold
Cockatoo,Vasantham,V11,Triton Cockatoo,CKRA020,,Non proven,Hold
Cockatoo,Vasantham,V12,Umbrella Cockatoo,CKR10,,Proven,Hold
Cockatoo,Vasantham,V12,Umbrella Cockatoo,NORING,,Proven,Hold
Cockatoo,Vasantham,V13,Umbrella Cockatoo,CKR13,,Proven,Hold
Cockatoo,Vasantham,V13,Umbrella Cockatoo,NORING,,Proven,Hold
Cockatoo,Vasantham,V14,Triton Cockatoo,CKRA009,,Proven,Hold
Cockatoo,Vasantham,V14,Triton Cockatoo,CKRA022,,Proven,Hold
Cockatoo,Vasantham,V15,Mollucan Cockatoo,PABW053,,Proven,Hold
Cockatoo,Vasantham,V15,Mollucan Cockatoo,CKR0074,,Proven,Hold
Cockatoo,Vasantham,V16,Medium Sulphur Cockatoo,CKRA036,,Proven,Hold
Cockatoo,Vasantham,V16,Medium Sulphur Cockatoo,CKRA030,,Proven,Hold
Cockatoo,Vasantham,V17,Medium Sulphur Cockatoo,CKRA289,,Proven,Hold
Cockatoo,Vasantham,V17,Medium Sulphur Cockatoo,CKRC444,,Proven,Hold
Cockatoo,Vasantham,V18,Medium Sulphur Cockatoo,CKRA029,,Proven,Hold
Cockatoo,Vasantham,V18,Medium Sulphur Cockatoo,CKRA035,,Proven,Hold
Cockatoo,Vasantham,V19,Mollucan Cockatoo,PABW072,,Proven,Hold
Cockatoo,Vasantham,V19,Mollucan Cockatoo,PABW038,,Proven,Hold
Cockatoo,Vasantham,V20,Triton Cockatoo,CKRA045,,Non proven,Hold
Cockatoo,Vasantham,V20,Triton Cockatoo,CKRA012,,Non proven,Hold
Cockatoo,Vasantham,V21,Umbrella Cockatoo,CKR0003,,Proven,Hold
Cockatoo,Vasantham,V21,Umbrella Cockatoo,NORING,,Proven,Hold
Conure,Sales ,,Crimson Bellied conure,CKRD1906,,Semi Adult,Sales
Conure,Sales ,,Crimson Bellied conure,CKRE019,,Semi Adult,Sales
Conure,Sales ,,Crimson Bellied conure,CKRE020,,Semi Adult,Sales
Cockatoo,Sales ,,Major Mitchell's Galah Cockatoo,CKRD1764,,semi adult,Sales
Cockatoo,Sales ,,Major Mitchell's Galah Cockatoo,CKRD1692,,semi adult,Sales
Conure,Sales ,,Nanday Conure,CKRD618,,splay leg,Sales
Conure,Sales ,,Nansun Conure,CKRB138&CKRB140,,semi adult,Sales
Conure,Sales ,,Nansun Conure,CKRF1043,,semi adult,Sales
Conure,Sales ,,Nansun Conure,CKRF1028,,Semi Adult,Sales
Conure,Sales ,,Nansun Conure,CKRF1033,,Semi Adult,Sales
Conure,Sales ,,Nansun Conure,CKRF1026,,Semi Adult,Sales
Conure,Sales ,,Nansun Conure,CKRF1050,,Semi Adult,Sales
Conure,Sales ,,Nansun Conure,FC94,,Adult,Sales
Conure,Sales ,,Nansun Conure,CKRF1029,,Semi Adult,Sales
Lorikeet,Sales ,,Red Collared Lorikeet,CKRE2137,,Semi Adult,Sales
Lorikeet,Sales ,,Red Collared Lorikeet,CKRE2131,,Semi Adult,Sales
Lorikeet,Sales ,,Red Collared Lorikeet,CKRF223,,Semi Adult,Sales
Lorikeet,Sales ,,Red Collared Lorikeet,CKRF660,,Semi Adult,Sales
Lorikeet,Sales ,,Swainson Lorikeet,CKRF221,,Semi Adult,Sales
Lorikeet,Sales ,,Olive Swainson Lorikeet,CKRF655,,Semi Adult,Sales
Lory,Sales ,,Red Lory ,CKRF537,,semi adult,Sales
Conure,Sales ,,Redmask Conure,CKRF1023,,Semi Adult,Sales
Conure,Sales ,,Redmask Conure,CKRF1042,,Semi Adult,Sales
Conure,Sales ,,Sun Conure,GB3187,,Adult,Sales
Conure,Sales ,,Sun Conure,GB3218,,Adult,Sales
Conure,Sales ,,Sun Conure,GB2869,,Adult,Sales
Conure,Sales ,,Sun Conure,CKRF257,,Semi Adult,Sales
Pionus,Sales ,,White Headed pionus,CKRD719NORING,,Semi Adult,Sales
Lory,Sales ,,Black Capped & chattering Lory,CKRF393,,Semi Adult,Sales
Lorikeet,Sales ,,Green Napped Lorikeet,CKRF527,,Semi Adult,Sales
Lorikeet,Sales ,,Green Napped Lorikeet,CKRF268,,Semi Adult,Sales
Lorikeet,Sales ,,Green Napped Lorikeet,CKRF006,,Semi Adult,Sales
Conure,Sales ,,Janday Conure,CKRF794,,Semi Adult,Sales
Lorikeet,Sales ,,Olive Swainson Lorikeet,CKRF404,,Semi Adult,Sales
Lorikeet,Sales ,,Olive Swainson Lorikeet,CKRF269,,Semi Adult,Sales
Lorikeet,Sales ,,Olive Swainson Lorikeet,CKRF445,,Semi Adult,Sales
Lorikeet,Sales ,,Olive Swainson Lorikeet,CKRF028,,Semi Adult,Sales
Lorikeet,Sales ,,Red Collared Lorikeet,CKRF403,,Semi Adult,Sales
Lorikeet,Sales ,,Red Collared Lorikeet,CKRF731,,Semi Adult,Sales
Lorikeet,Sales ,,Red Collared Lorikeet,CKRF029,,Semi Adult,Sales
Lory,Sales ,,Red Lory ,CKRF342,,Semi Adult,Sales
Lory,Sales ,,Red Lory ,CKRF341,,Semi Adult,Sales
Lory,Sales ,,Red Lory ,CKRF356,,Semi Adult,Sales
Lory,Sales ,,Red Lory ,CKRF357,,Semi Adult,Sales
Lory,Sales ,,Red Lory ,CKRD1550,,Semi Adult,Sales
Lory,Sales ,,Red Lory ,CKRF247,,Semi Adult,Sales
Lory,Sales ,,Red Lory ,CKRF395,,Semi Adult,Sales
Lory,Sales ,,Red Lory ,CKRF359,,Semi Adult,Sales
Conure,Sales ,,Sun & Janday Conure,CKRF726,,Semi Adult,Sales
Conure,Sales ,,Sun & Janday Conure,CKRE2133,,Semi Adult,Sales
Conure,Sales ,,Sun Conure,CKRE2126,,Semi Adult,Sales
Conure,Sales ,,Sun Conure,CKRE2073,,Semi Adult,Sales
Conure,Sales ,,Sun Conure,CKRE2149,,Semi Adult,Sales
Conure,Sales ,,Sun Conure,CKRE2143,,Semi Adult,Sales
Conure,Sales ,,Sun Conure,CKRF686,,Semi Adult,Sales
Conure,Sales ,,Sun Conure,CKRE2058,,Semi Adult,Sales
Conure,Sales ,,Sun Conure,CKRE2072,,Semi Adult,Sales
Conure,Sales ,,Sun Conure,CKRE2107,,Semi Adult,Sales
Conure,Sales ,,Sun Conure,CKRE2104,,Semi Adult,Sales
Conure,Sales ,,Sun Conure,CKRE2087,,Semi Adult,Sales
Conure,Sales ,,Sun Conure,CKRE2085,,Semi Adult,Sales
Conure,Sales ,,Sun Conure,CKRE2089,,Semi Adult,Sales
Conure,Sales ,,Sun Conure,CKRF927,,Semi Adult,Sales
Conure,Sales ,,Sun Conure,CKRF273,,Semi Adult,Sales
Conure,Sales ,,Sun Conure,CKRF241,,Semi Adult,Sales
Conure,Sales ,,Sun Conure,CKRE1884,,Semi Adult,Sales
Conure,Sales ,,Sun Conure,CKRE1198,,Semi Adult,Sales
Conure,Sales ,,Sun Conure,CKRF251,,Semi Adult,Sales
Lorikeet,Sales ,,Swainson Lorikeet,CKRF528,female,Semi Adult,Sales
Lorikeet,Sales ,,Swainson Lorikeet,CKRF278,male,Semi Adult,Sales
Lorikeet,Sales ,,Swainson Lorikeet,CKRE1223,female,Semi Adult,Sales
Lorikeet,Sales ,,Swainson Lorikeet,CKRF730,male,Semi Adult,Sales
