Group Name,Aviary Name,Cage,Species Name,Ring no,Gender,Proven,Weight
Conure,Sun Conure  Aviary,A01,Janday Conure,CKR 121,Female,Proven,
Conure,Sun Conure  Aviary,A01,Janday Conure,CKR A 137,Male,Proven,
Conure,Sun Conure  Aviary,A02,Sun Conure,CKR B 157,Male,Proven,
Conure,Sun Conure  Aviary,A02,Sun Conure,GB 3071,Female,Proven,
Conure,Sun Conure  Aviary,A03,Sun Conure,GB 2825,Female,Proven,
Conure,Sun Conure  Aviary,A03,Sun Conure,GB 3195,Male,Proven,
Conure,Sun Conure  Aviary,A04,Sun Conure,CKR D 208,Female,Proven,
Conure,Sun Conure  Aviary,A04,Sun Conure,CKR D 178,Male,Proven,
Conure,Sun Conure  Aviary,A05,Sun Conure,CKR C 332,Female,Proven,
Conure,Sun Conure  Aviary,A05,Sun Conure,CKR D 282,Male,Proven,
Conure,Sun Conure  Aviary,A06,Sun Conure,GB 3070,Female,Proven,
Conure,Sun Conure  Aviary,A06,Sun Conure,CKR B 130,Male,Proven,
Conure,Sun Conure  Aviary,A07,Sun Conure,GB 2902,Female,Proven,
Conure,Sun Conure  Aviary,A07,Sun Conure,GB 3204,Male,Proven,
Conure,Sun Conure  Aviary,A08,Sun Conure,GB 2805,Male,Proven,
Conure,Sun Conure  Aviary,A08,Sun Conure,GB 2915,Female,Proven,
Conure,Sun Conure  Aviary,A09,Sun Conure,CKR 07,NA,Proven,
Conure,Sun Conure  Aviary,A09,Sun Conure,MVR 504,NA,Proven,
Conure,Sun Conure  Aviary,A10,Sun Conure,GB 2872,Male,Proven,
Conure,Sun Conure  Aviary,A10,Sun Conure,CKR B 115,Female,Proven,
Conure,Sun Conure  Aviary,A11,Sun Conure,CKR D 1203,Male,Proven,
Conure,Sun Conure  Aviary,A11,Sun Conure,CKR D 344,Female,Proven,
Conure,Sun Conure  Aviary,A12,Sun Conure,CKR D 841,Female,Proven,
Conure,Sun Conure  Aviary,A12,Sun Conure,GB 2905,Male,Proven,
Conure,Sun Conure  Aviary,A13,Sun Conure,GB 3107,Female,Proven,
Conure,Sun Conure  Aviary,A13,Sun Conure,NO Ring,NA,Proven,
Conure,Sun Conure  Aviary,A14,Sun Conure,GB 3124,Female,Proven,
Conure,Sun Conure  Aviary,A14,Sun Conure,GB 2787,Male,Proven,
Conure,Sun Conure  Aviary,A15,Sun Conure,CKR D 314,Male,Proven,
Conure,Sun Conure  Aviary,A15,Sun Conure,CKR D 290,Female,Proven,
Conure,Sun Conure  Aviary,A16,Sun Conure,GB 2855,Female,Proven,
Conure,Sun Conure  Aviary,A16,Sun Conure,GB 3023,Male,Proven,
Conure,Sun Conure  Aviary,A17,Sun Conure,CKR D 287,Female,Proven,
Conure,Sun Conure  Aviary,A17,Sun Conure,CKR C 350,Male,Proven,
Conure,Sun Conure  Aviary,A18,Sun Conure,GB 3174,Male,Proven,
Conure,Sun Conure  Aviary,A18,Sun Conure,GB 3198,Female,Proven,
Conure,Sun Conure  Aviary,A19,Sun Conure,GB 3072,Female,Proven,
Conure,Sun Conure  Aviary,A19,Sun Conure,GB 2896,Male,Proven,
Conure,Sun Conure  Aviary,A20,Sun Conure,GB 2791,Female,Proven,
Conure,Sun Conure  Aviary,A20,Sun Conure,GB 2941,Male,Proven,
Conure,Sun Conure  Aviary,A21,Sun Conure,CKR C 337,Male,Proven,
Conure,Sun Conure  Aviary,A21,Sun Conure,CKR C 340,Female,Proven,
Conure,Garden,A22,Sun conure,GB2785,Female,Proven,
Conure,Garden,A22,Sun conure,GB 2783,Male,Proven,
Conure,Garden,A23,Sun conure,GB 3022,Male,Proven,
Conure,Garden,A23,Sun conure,GB 2781,female,Proven,
Conure,Garden,A24,Sun conure,Ckr 190,Male,Proven,
Conure,Garden,A24,Sun conure,ckr 2788,Female,Proven,
Conure,Sun Conure  Aviary,A25,Sun Conure,GB 2879,Male,Proven,
Conure,Sun Conure  Aviary,A25,Sun Conure,GB 3175,Female,Proven,
Conure,Sun Conure  Aviary,A26,Sun Conure,GB 2926,Female,Proven,
Conure,Sun Conure  Aviary,A26,Sun Conure,GB 3223,Male,Proven,
Conure,Sun Conure  Aviary,A27,Janday Conure,GF 0 407,Male,Proven,
Conure,Sun Conure  Aviary,A27,Janday Conure,GF 0 403,Female,Proven,
Conure,Sun Conure  Aviary,A28,Sun Conure,GB 2996,Male,Proven,
Conure,Sun Conure  Aviary,A28,Sun Conure,GB 3165,Female,Proven,
Conure,Sun Conure  Aviary,A29,Sun Conure,GB 2778,Female,Proven,
Conure,Sun Conure  Aviary,A29,Sun Conure,GB 2873,Male,Proven,
Conure,Garden,A30,Sun Conure,GB 2865,Male,Proven,
Conure,Garden,A30,Sun Conure,GB 3180,Female,Proven,
Conure,Sun Conure  Aviary,A31,Sun Conure,GB 2875,Male,Proven,
Conure,Sun Conure  Aviary,A31,Sun Conure,GB 3215,Female,Proven,
Conure,Sun Conure  Aviary,A32,Sun Conure,CKR C 339,Male,Proven,
Conure,Sun Conure  Aviary,A32,Sun Conure,CKR D 317,Female,Proven,
Conure,Sun Conure  Aviary,A33,Janday Conure,CKR B 170,Female,Proven,
Conure,Sun Conure  Aviary,A33,Janday Conure,CKR C 245,Male,Proven,
Conure,Sun Conure  Aviary,A34,Sun Conure,GB 2639,Male,Proven,
Conure,Sun Conure  Aviary,A34,Sun Conure,GB 2659,Female,Proven,
Conure,Sun Conure  Aviary,A35,Sun Conure,CKR C 324,Female,Proven,
Conure,Sun Conure  Aviary,A35,Sun Conure,CKR D 843,Male,Proven,
Conure,Sun Conure  Aviary,A36,Sun Conure,CKR C 251,Male,Proven,
Conure,Sun Conure  Aviary,A36,Sun Conure,CKR C 256,Female,Proven,
Conure,Sun Conure  Aviary,A37,Sun Conure,CKR 278,NA,Proven,
Conure,Sun Conure  Aviary,A37,Sun Conure,JB 03-067,NA,Proven,
Conure,Sun Conure  Aviary,A38,Janday Conure,CKR A 143,Male,Proven,
Conure,Sun Conure  Aviary,A38,Janday Conure,GB 3339,Female,Proven,
Conure,Sun Conure  Aviary,A39,Sun Conure,CKR D 1064,Female,Proven,
Conure,Sun Conure  Aviary,A39,Sun Conure,CKR D 233,Male,Proven,
Conure,Sun Conure  Aviary,A40,Sun Conure,GB 3189,Female,Proven,
Conure,Sun Conure  Aviary,A40,Sun Conure,VRS 66,Male,Proven,
Conure,Sun Conure  Aviary,A41,Sun Conure,GB 2719,Male,Proven,
Conure,Sun Conure  Aviary,A41,Sun Conure,GB 2955,Female,Proven,
Conure,Sun Conure  Aviary,A42,Sun Conure,GB 2649,Female,Proven,
Conure,Sun Conure  Aviary,A42,Sun Conure,GB 2895,Male,Proven,
Parrot,Sun Conure  Aviary,A43,Caique,CKR 30,Male,Proven,
Parrot,Sun Conure  Aviary,A43,Caique,CKR B 196,Female,Proven,
Conure,Sun Conure  Aviary,A44,Sun Conure,GB 3076,Female,Proven,
Conure,Sun Conure  Aviary,A44,Sun Conure,GB 3220,Male,Proven,
Conure,Sun Conure  Aviary,A45,Sun Conure,CKR D 293,Female,Proven,
Conure,Sun Conure  Aviary,A45,Sun Conure,CKR C 133,Male,Proven,
Conure,Sun Conure  Aviary,A46,Sun Conure,CKRB 191,Female,Proven,
Conure,Sun Conure  Aviary,A46,Sun Conure,GB 3211,Male,Proven,
Conure,Sun Conure  Aviary,A47,Sun Conure,CKR D 154,Female,Proven,
Conure,Sun Conure  Aviary,A47,Sun Conure,CKR D 372,Male,Proven,
Conure,Sun Conure  Aviary,A48,Sun Conure,CKR C 325,Male,Proven,
Conure,Sun Conure  Aviary,A48,Sun Conure,CKR C 331,Female,Proven,
Conure,Sun Conure  Aviary,A49,Sun Conure,CKR D 1221,Female,Proven,
Conure,Sun Conure  Aviary,A49,Sun Conure,CKR D 1213,Male,Proven,
Conure,Sun Conure  Aviary,A50,Sun Conure,CKR D 161,Female,Proven,
Conure,Sun Conure  Aviary,A50,Sun Conure,CKR D 894,Male,Proven,
Conure,Sun Conure  Aviary,A51,Sun Conure,CKR D 214,Female,Proven,
Conure,Sun Conure  Aviary,A51,Sun Conure,CKR D 303,Male,Proven,
Conure,Sun Conure  Aviary,A52,Sun Conure,GB 2602,Female,Proven,
Conure,Sun Conure  Aviary,A52,Sun Conure,GB 2773,Male,Proven,
Conure,Sun Conure  Aviary,A53,Janday Conure,CKR C 141,Female,Proven,
Conure,Sun Conure  Aviary,A53,Janday Conure,JF 405,Male,Proven,
Conure,Sun Conure  Aviary,A54,Sun Conure,GB 2790,Female,Proven,
Conure,Sun Conure  Aviary,A54,Sun Conure,SATHISH 16,Male,Proven,
Conure,Sun Conure  Aviary,A55,Sun Conure,GB 3186,Male,Proven,
Conure,Sun Conure  Aviary,A55,Sun Conure,SATHISH 18,Female,Proven,
Conure,Sun Conure  Aviary,A56,Sun Conure,GB 2898,Male,Proven,
Conure,Sun Conure  Aviary,A56,Sun Conure,GB 2933,Female,Proven,
Conure,Sun Conure  Aviary,B01,Sun Conure,GB 2725,Female,Proven,
Conure,Sun Conure  Aviary,B01,Sun Conure,GB 2765,Male,Proven,
Conure,Sun Conure  Aviary,B02,Sun Conure,CKR C 221,Male,Proven,
Conure,Sun Conure  Aviary,B02,Sun Conure,CKR D 316,Female,Proven,
Conure,Sun Conure  Aviary,B03,Sun Conure,GB 2871,Female,Proven,
Conure,Sun Conure  Aviary,B03,Sun Conure,GB 3167,Male,Proven,
Conure,Sun Conure  Aviary,B04,Sun Conure,CKR D 216,Male,Proven,
Conure,Sun Conure  Aviary,B04,Sun Conure,CKR D 1380,Female,Proven,
Parrot,Sun Conure  Aviary,B05,Red Belly,CKRB 211,,Proven,
Parrot,Sun Conure  Aviary,B05,Red Belly,266,,Proven,
Conure,Sun Conure  Aviary,B06,Sun Conure,GB 3059,Male,Proven,
Conure,Sun Conure  Aviary,B06,Sun Conure,CPC 143,Female,Proven,
Conure,Sun Conure  Aviary,B07,Sun Conure,CKR B 131,Male,Proven,
Conure,Sun Conure  Aviary,B07,Sun Conure,GB 3096,Female,Proven,
Parrot,Sun Conure  Aviary,B08,Cape Parrot,CKR 52,Female,Proven,
Parrot,Sun Conure  Aviary,B08,Cape Parrot,CKR A061,Male,Proven,
Conure,Sun Conure  Aviary,B09,Sun Conure,GB 3213,Female,Proven,
Conure,Sun Conure  Aviary,B09,Sun Conure,GB 2982,Male,Proven,
Conure,Sun Conure  Aviary,B10,Sun Conure,GB 3222,Female,Proven,
Conure,Sun Conure  Aviary,B10,Sun Conure,GB 2899,Male,Proven,
Conure,Sun Conure  Aviary,B11,Sun Conure,GB 2754,Male,Proven,
Conure,Sun Conure  Aviary,B11,Sun Conure,GB 2759,Female,Proven,
Conure,Sun Conure  Aviary,B12,Sun Conure,GB 2701,Male,Proven,
Conure,Sun Conure  Aviary,B12,Janday Conure,GB 3332,Female,Proven,
Conure,Sun Conure  Aviary,B13,Sun Conure,GB 3097,Female,Proven,
Conure,Sun Conure  Aviary,B13,Sun Conure,GB 2810,Male,Proven,
Conure,Sun Conure  Aviary,B14,Sun Conure,GB 2698,Male,Proven,
Conure,Sun Conure  Aviary,B14,Sun Conure,GB 2780,Female,Proven,
Conure,Sun Conure  Aviary,B15,Janday Conure,GB 3333,Female,Proven,
Conure,Sun Conure  Aviary,B15,Janday Conure,CKR C 258,Male,Proven,
Conure,Sun Conure  Aviary,B16,Sun Conure,ACE IND 153,Female,Proven,
Conure,Sun Conure  Aviary,B16,Sun Conure,CKR D 300,Male,Proven,
Conure,Sun Conure  Aviary,B17,Sun Conure,GB 2718,Female,Proven,
Conure,Sun Conure  Aviary,B17,Sun Conure,GB 2891,Male,Proven,
Conure,Sun Conure  Aviary,B18,Sun Conure,GB 2767,Male,Proven,
Conure,Sun Conure  Aviary,B18,Sun Conure,NAGU 14,Female,Proven,
Conure,Sun Conure  Aviary,B19,Sun Conure,GB 3168,Female,Proven,
Conure,Sun Conure  Aviary,B19,Sun Conure,GB 2819,Male,Proven,
Conure,Sun Conure  Aviary,B20,Sun Conure,CKR B 154,Female,Proven,
Conure,Sun Conure  Aviary,B20,Sun Conure,GB 2815,Male,Proven,
Conure,Sun Conure  Aviary,B21,Sun Conure,GB 3116,Female,Proven,
Conure,Sun Conure  Aviary,B21,Sun Conure,GB 3127,Male,Proven,
Conure,Sun Conure  Aviary,B22,Sun Conure,GB 2714,Male,Proven,
Conure,Sun Conure  Aviary,B22,Sun Conure,GB 2747,Female,Proven,
Conure,Sun Conure  Aviary,B23,Sun Conure,GB 2735,Male,Proven,
Conure,Sun Conure  Aviary,B23,Sun Conure,GB 2776,Female,Proven,
Conure,Sun Conure  Aviary,B24,Sun Conure,GB 2636,Male,Proven,
Conure,Sun Conure  Aviary,B24,Janday Conure,GB 3334,Female,Proven,
Conure,Sun Conure  Aviary,B25,Sun Conure,GB 3099,Female,Proven,
Conure,Sun Conure  Aviary,B25,Sun Conure,GB 2853,Male,Proven,
Conure,Sun Conure  Aviary,B26,Sun Conure,GB 2892,Male,Proven,
Conure,Sun Conure  Aviary,B26,Sun Conure,GB 2932,Female,Proven,
Conure,Sun Conure  Aviary,B27,Sun Conure,CKR B 184,Female,Proven,
Conure,Sun Conure  Aviary,B27,Sun Conure,GB 2730,Male,Proven,
Conure,Sun Conure  Aviary,B28,Sun Conure,GB 2724,Female,Proven,
Conure,Sun Conure  Aviary,B28,Sun Conure,GB 2942,Male,Proven,
Conure,Sun Conure  Aviary,B29,Sun Conure,GB 2700,Female,Proven,
Conure,Sun Conure  Aviary,B29,Sun Conure,GB 2807,Male,Proven,
Conure,Sun Conure  Aviary,B30,Sun Conure,GB 2702,Male,Proven,
Conure,Sun Conure  Aviary,B30,Sun Conure,GB 2823,Female,Proven,
Conure,Sun Conure  Aviary,B31,Sun Conure,CKR 279,Female,Proven,
Conure,Sun Conure  Aviary,B31,Sun Conure,CKR A 442,Male,Proven,
Conure,Sun Conure  Aviary,B32,Sun Conure,GB 2874,Male,Proven,
Conure,Sun Conure  Aviary,B32,Sun Conure,GB 3126,Female,Proven,
Conure,Sun Conure  Aviary,B33,Janday Conure,CKR 53,Male,Proven,
Conure,Sun Conure  Aviary,B33,Janday Conure,CKR B 136,Female,Proven,
Conure,Garden,B34,Sun conure,GD 2720,Female,Proven,
Conure,Garden,B34,Sun conure,GD 2883,Male,Proven,
Conure,Sun Conure  Aviary,B35,Sun Conure,GB 2827,Male,Proven,
Conure,Sun Conure  Aviary,B35,Sun Conure,CKR A 352,Female,Proven,
Conure,Sun Conure  Aviary,B36,Sun Conure,GB 2937,Female,Proven,
Conure,Sun Conure  Aviary,B36,Sun Conure,GB 2939,Male,Proven,
Conure,Sun Conure  Aviary,B37,Sun Conure,CKR C 276,Female,Proven,
Conure,Sun Conure  Aviary,B37,Sun Conure,GB 2894,Male,Proven,
Conure,Sun Conure  Aviary,B38,Sun Conure,GB 3047,Male,Proven,
Conure,Sun Conure  Aviary,B38,Janday Conure,GB 3323,Female,Proven,
Conure,Garden,B39,Sun conure,Ckr 153,Female,Proven,
Conure,Garden,B39,Sun conure,GB 2956,Male,Proven,
Conure,Sun Conure  Aviary,B40,Sun Conure,GB 2893,Male,Proven,
Conure,Sun Conure  Aviary,B40,Sun Conure,GB 3080,Female,Proven,
Conure,Sun Conure  Aviary,B41,Sun Conure,GB 2914,Male,Proven,
Conure,Sun Conure  Aviary,B41,Sun Conure,GB 3068,Female,Proven,
Conure,Sun Conure  Aviary,B42,Sun Conure,CKR D 320,Male,Proven,
Conure,Sun Conure  Aviary,B42,Sun Conure,CKR D 1381,Female,Proven,
Conure,Sun Conure  Aviary,B43,Crimson Bellied conure,HAISHL 066,Female,Proven,
Conure,Sun Conure  Aviary,B43,Crimson Bellied conure,SIVA 529,Male,Proven,
Conure,Sun Conure  Aviary,B44,Red Fronted Conure,CKR 373,Male,Proven,
Conure,Sun Conure  Aviary,B44,Red Fronted Conure,JJC 005,Female,Proven,
Conure,Sun Conure  Aviary,B45,Sun Conure,GB 3196,Male,Proven,
Conure,Sun Conure  Aviary,B45,Sun Conure,GB 3208,Female,Proven,
Conure,Sun Conure  Aviary,B46,Nanday Conure,CKR 078,Male,Proven,
Conure,Sun Conure  Aviary,B46,Nanday Conure,CKR B 047,Female,Proven,
Conure,Sun Conure  Aviary,B47,Sun Conure,GB 2822,Female,Proven,
Conure,Sun Conure  Aviary,B47,Sun Conure,GB 2631,Male,Proven,
Conure,Sun Conure  Aviary,B48,Nanday Conure,CKR A 167,Female,Proven,
Conure,Sun Conure  Aviary,B48,Nanday Conure,CKR B 139&133,Male,Proven,
Conure,Sun Conure  Aviary,B49,Nansun Conure,CKR B 232,Male,Proven,
Conure,Sun Conure  Aviary,B49,Nansun Conure,CKR B 237,Female,Proven,
Pionus,Sun Conure  Aviary,B50,Bronze wing pionus,JK 01 2 (or) 7,Female,Proven,
Pionus,Sun Conure  Aviary,B50,Bronze wing pionus,LV 08 80 H 1,Male,Proven,
Conure,Sun Conure  Aviary,B51,Nanday Conure,CKR B 046,Male,Proven,
Conure,Sun Conure  Aviary,B51,Nanday Conure,CKR B 193,Female,Proven,
Conure,Sun Conure  Aviary,B52,Nanday Conure,CKR 374,Male,Proven,
Conure,Sun Conure  Aviary,B52,Nanday Conure,CKR A 169,Female,Proven,
Conure,Sun Conure  Aviary,B53,Sun Conure,GB 2736,Male,Proven,
Conure,Sun Conure  Aviary,B53,Sun Conure,GB 3050,Female,Proven,
Conure,Sun Conure  Aviary,B54,Sun Conure,CKR D 315,Female,Proven,
Conure,Sun Conure  Aviary,B54,Sun Conure,CKR D 1073,Male,Proven,
Conure,Sun Conure  Aviary,B55,Nansun Conure,CKR C 252,Male,Proven,
Conure,Sun Conure  Aviary,B55,Nansun Conure,CKR C 338,Female,Proven,
Conure,Sun Conure  Aviary,B56,Sun Conure,GB 2571,Female,Proven,
Conure,Sun Conure  Aviary,B56,Sun Conure,GB 2689,Male,Proven,
Conure,Cockatoo Aviary,C01,Sun Conure,CKRE 1604,Male,Semi Adult,
Conure,Cockatoo Aviary,C01,Sun Conure,CKRE 1553,Female,Semi Adult,
Conure,Cockatoo Aviary,C01,Sun Conure,CKRE 1077,Female,Semi Adult,
Conure,Cockatoo Aviary,C01,Sun Conure,CKRD 1261,Male,Semi Adult,
Conure,Cockatoo Aviary,C01,Sun Conure,CKRE 1969,Female,Semi Adult,
Conure,Cockatoo Aviary,C01,Sun Conure,CKRD 1252,Male,Semi Adult,
Conure,Cockatoo Aviary,C01,Sun Conure,CKRE 1267,Female,Semi Adult,
Conure,Cockatoo Aviary,C01,Sun Conure,CKRE 1722,Female,Semi Adult,
Conure,Cockatoo Aviary,C01,Sun Conure,CKRE 1332,Male,Semi Adult,
Conure,Cockatoo Aviary,C01,Sun Conure,CKRE 1329,Female,Semi Adult,
Conure,Macaw Aviary,C02,Sun @jandayconure,CKR E 2133,,Semi Adult,
Conure,Macaw Aviary,C02,Sun Conure,CKR E 2107,,Semi Adult,
Conure,Macaw Aviary,C02,Sun Conure,CKR E 2104,,Semi Adult,
Conure,Macaw Aviary,C02,Sun Conure,CKR E 2072,,Semi Adult,
Conure,Macaw Aviary,C02,Sun Conure,CKR E 2085,,Semi Adult,
Conure,Macaw Aviary,C02,Sun Conure,CKR E 2086,,Semi Adult,
Conure,Macaw Aviary,C02,Sun Conure,CKR E 2109,,Semi Adult,
Conure,Macaw Aviary,C02,Sun Conure,CKR E 2080,,Semi Adult,
Conure,Macaw Aviary,C02,Sun Conure,CKR E 2089,,Semi Adult,
Conure,Macaw Aviary,C02,Sun Conure,CKR E 2087,,Semi Adult,
Conure,Cockatoo Aviary,C03,Sun Conure,CKRE 1972,NA,Semi Adult,
Conure,Cockatoo Aviary,C03,Sun Conure,CKRE 1326,,Semi Adult,
Conure,Cockatoo Aviary,C03,Sun Conure,CKRE 1611,,Semi Adult,
Conure,Cockatoo Aviary,C03,Sun Conure,CKRE 1612,,Semi Adult,
Conure,Cockatoo Aviary,C03,Sun Conure,CKRE 1334,,Semi Adult,
Conure,Cockatoo Aviary,C03,Sun Conure,CKRE 1966,NA,Semi Adult,
Conure,Cockatoo Aviary,C03,Sun Conure,CKRE 1957,Male,Semi Adult,
Conure,Cockatoo Aviary,C03,Sun Conure,CKRE 1258,NA,Semi Adult,
Conure,Cockatoo Aviary,C03,Sun Conure,CKRE 1609,NA,Semi Adult,
Conure,Cockatoo Aviary,C03,Sun Conure,CKRE 1134,,Semi Adult,
Conure,Cockatoo Aviary,C04,Sun Conure,CKRE 1586,Female,Semi Adult,
Conure,Cockatoo Aviary,C04,Sun Conure,CKRE 1581,Male,Semi Adult,
Conure,Cockatoo Aviary,C04,Sun Conure,CKRE 1551,Male,Semi Adult,
Conure,Cockatoo Aviary,C04,Sun Conure,CKRE 1301,NA,Semi Adult,
Conure,Cockatoo Aviary,C04,Sun Conure,CKRF 118,Female,Semi Adult,
Conure,Cockatoo Aviary,C04,Sun Conure,CKRE 1324,,Semi Adult,
Conure,Cockatoo Aviary,C04,Sun Conure,CKRE 1951,NA,Semi Adult,
Conure,Cockatoo Aviary,C04,Sun Conure,CKRE 1076,Male,Semi Adult,
Conure,Cockatoo Aviary,C04,Sun Conure,CKRF 200,Male,Semi Adult,
Conure,Cockatoo Aviary,C05,Sun Conure,CKRE 1273,Male,Semi Adult,
Conure,Cockatoo Aviary,C05,Sun Conure,CKRE 1314,Male,Semi Adult,
Conure,Cockatoo Aviary,C05,Sun Conure,CKRF 810,Female,Semi Adult,
Conure,Cockatoo Aviary,C05,Sun Conure,CKRF 105,Female,Semi Adult,
Conure,Cockatoo Aviary,C05,Sun Conure,CKRF 125,Male,Semi Adult,
Conure,Cockatoo Aviary,C05,Sun Conure,CKRF 1327,Male,Semi Adult,
Conure,Cockatoo Aviary,C05,Sun Conure,CKRF 111,Male,Semi Adult,
Conure,Cockatoo Aviary,C05,Sun Conure,No Ring,,Semi Adult,
Conure,Cockatoo Aviary,C05,Sun Conure,CKRF 194,,Semi Adult,
Conure,Cockatoo Aviary,C05,Sun Conure,CKRE 2036,Male,Semi Adult,
Conure,Cockatoo Aviary,C06,Sun Conure,CKRF 195,Female,Semi Adult,
Conure,Cockatoo Aviary,C06,Sun Conure,CKRF 158,Male,Semi Adult,
Conure,Cockatoo Aviary,C06,Sun Conure,CKRF 988,Female,Semi Adult,
Conure,Cockatoo Aviary,C06,Sun Conure,CKRF 904,Male,Semi Adult,
Conure,Cockatoo Aviary,C06,Sun Conure,CKRF 846,Female,Semi Adult,
Conure,Cockatoo Aviary,C06,Sun Conure,CKRF 835,Female,Semi Adult,
Conure,Cockatoo Aviary,C06,Sun Conure,CKRF 845,Male,Semi Adult,
Conure,Cockatoo Aviary,C06,Sun Conure,CKRF 814,Male,Semi Adult,
Conure,Cockatoo Aviary,C06,Sun Conure,CKRF 190,Female,Semi Adult,
Conure,Cockatoo Aviary,C06,Sun Conure,CKRF 874,Female,Semi Adult,
Conure,Cockatoo Aviary,C08,Sun Conure,CKRE 1599,Male,Semi Adult,
Conure,Cockatoo Aviary,C08,Sun Conure,CKRF 720,Female,Semi Adult,
Conure,Cockatoo Aviary,C08,Sun Conure,CKRF 913,Male,Semi Adult,
Conure,Cockatoo Aviary,C08,Sun Conure,CKRE 1281,Male,Semi Adult,
Conure,Cockatoo Aviary,C08,Sun Conure,CKRE 1643,Female,Semi Adult,
Conure,Cockatoo Aviary,C08,Sun Conure,CKRE 1302,Male,Semi Adult,
Conure,Cockatoo Aviary,C08,Sun Conure,CKRE 1988,Female,Semi Adult,
Conure,Cockatoo Aviary,C08,Sun Conure,CKRE 1068,,Semi Adult,
Conure,Cockatoo Aviary,C08,Sun Conure,CKRE 1482,,Semi Adult,
Conure,Macaw Aviary,C09,Sun Conure,CKR E 2058,,Semi Adult,
Conure,Macaw Aviary,C09,Sun Conure,CKR F 686,,Semi Adult,
Conure,Macaw Aviary,C09,Sun Conure,CKR E 2140,,Semi Adult,
Conure,Macaw Aviary,C09,Sun Conure,CKR E 2130,,Semi Adult,
Conure,Macaw Aviary,C10,Sun conure,CKRE2147,nA,Semi Adult,
Conure,Macaw Aviary,C10,Sun conure,CKRE2143,nA,Semi Adult,
Conure,Macaw Aviary,C10,Sun & Jandaya,CKRE2071,nA,Semi Adult,
Conure,Macaw Aviary,C10,Sun conure,CKRE2126,nA,Semi Adult,
Conure,Macaw Aviary,C10,Sun conure,CKRE2149,nA,Semi Adult,
Conure,Macaw Aviary,C10,Sun conure,CKRE2076,nA,Semi Adult,
Conure,Macaw Aviary,C10,Sun conure,CKRE2144,nA,Semi Adult,
Conure,Macaw Aviary,C10,Sun conure,CKRE2079,nA,Semi Adult,
Conure,Macaw Aviary,C10,Sun conure,CKRE2073,nA,Semi Adult,
Conure,Macaw Aviary,C10,Sun conure,CKRE2065,nA,Semi Adult,
Conure,Macaw Aviary,C11,Sun conure,CKRE2106,nA,Semi Adult,
Conure,Macaw Aviary,C11,Sun conure,CKRE2074,nA,Semi Adult,
Conure,Macaw Aviary,C11,Sun conure,CKRE2082,nA,Semi Adult,
Conure,Macaw Aviary,C11,Sun conure,CKRE2084,nA,Semi Adult,
Conure,Macaw Aviary,C11,Sun conure,CKRE2129,na,Semi Adult,
Conure,Macaw Aviary,C11,Sun conure,CKRE2069,na,Semi Adult,
Conure,Macaw Aviary,C11,Sun conure,CKRE2141,na,Semi Adult,
Conure,Macaw Aviary,C11,Sun conure,CKRF675,na,Semi Adult,
Conure,Macaw Aviary,C11,Sun conure,CKRE2061,na,Semi Adult,
Conure,Macaw Aviary,C11,Sun conure,CKRF673,na,Semi Adult,
Conure,Macaw Aviary,C12,Sun conure,CKRE2060,na,Semi Adult,
Conure,Macaw Aviary,C12,Sun conure,CKRE2145,na,Semi Adult,
Conure,Macaw Aviary,C12,Sun conure,CKRE 2066,na,Semi Adult,
Conure,Macaw Aviary,C12,Sun conure,CKRE2142,na,Semi Adult,
Conure,Macaw Aviary,C12,Sun conure,CKRE2128,na,Semi Adult,
Conure,Macaw Aviary,C12,Sun conure,CKRE2118,na,Semi Adult,
Conure,Macaw Aviary,C12,Sun conure,CKRE2127,na,Semi Adult,
Conure,Macaw Aviary,C12,Sun conure,CKRE2067,na,Semi Adult,
Conure,Macaw Aviary,C12,Sun & Jandaya,CKRE2136,na,Semi Adult,
Conure,Macaw Aviary,C12,Sun conure,CKRE1881,na,Semi Adult,
Conure,Macaw Aviary,C13,Sun conure,CKRE2062,na,Semi Adult,
Conure,Macaw Aviary,C13,Sun conure,CKRE2068,na,Semi Adult,
Conure,Macaw Aviary,C13,Sun conure,CKRE2063,na,Semi Adult,
Conure,Macaw Aviary,C13,Sun Conure,CKRF 927,Female,Semi Adult,
Conure,Macaw Aviary,C13,Sun Conure,CKRF 060,Female,Semi Adult,
Lorykeet,Macaw Aviary,C16,Swainson Lory,CKR F 656,,Semi Adult,
Lorykeet,Macaw Aviary,C16,Swainson Lory,CKR F 659,,Semi Adult,
Lorykeet,Macaw Aviary,C16,Swainson Lory,CKR F 661,,Semi Adult,
Lorykeet,Macaw Aviary,C16,Swainson Lory,CKR F 658,,Semi Adult,
Lorykeet,Macaw Aviary,C16,Red collar lorikeet,CKR E 2052,,Semi Adult,
Lorikeet,Lory Aviary,C17,Green Napped Lorikeet,ACE IND 070,Female,Semi Adult,
Lory,Lory Aviary,C18,Chattering Lory,CKRD 609,Female,Semi Adult,
Lory,Lory Aviary,C19,Black capped lory,SUNIL 625,Male,Semi Adult,
Lory,Lory Aviary,C19,Black capped lory,ACE IND 177,Male,Semi Adult,
Lory,Cockatoo Aviary,C20,Red Lory ,CKRD 671,Female,Semi Adult,
Lory,Cockatoo Aviary,C20,Red Lory ,CKRD 1581,,Semi Adult,
Lory,Cockatoo Aviary,C21,Swainson's Lorikeet,CKRE 1270,Female,Semi Adult,
Lory,Cockatoo Aviary,C21,Swainson Lory,CKRE 1558,Female,Semi Adult,
Lory,Cockatoo Aviary,C21,Swainson Lory,CKRE 1561,,Semi Adult,
Lory,Cockatoo Aviary,C21,Swainson Lory,CKRE 1559,,Semi Adult,
Lory,Cockatoo Aviary,C21,Swainson Lory,CKRE 1562,Male,Semi Adult,
Lory,Cockatoo Aviary,C22,Red collared lory,CKR 1942,Male,Semi Adult,
Lory,Cockatoo Aviary,C22,Red collared lory,11124,Male,Semi Adult,
Lory,Cockatoo Aviary,C23,Black capped lory,CKRD 1444,Female,Semi Adult,
Lory,Cockatoo Aviary,C23,Black capped lory,CKRD 1540,Female,Semi Adult,
Lory,Cockatoo Aviary,C23,Black capped lory,CKRD 1524,Female,Semi Adult,
Lory,Cockatoo Aviary,C23,Black capped lory,CKRD 1535,Male,Semi Adult,
Lory,Cockatoo Aviary,C24,Red collared lory,CKRC 298,Male,Semi Adult,
Lory,Cockatoo Aviary,C25,Black capped lory,M005,Female,Semi Adult,
Lory,Cockatoo Aviary,C25,Black capped lory,M054,Female,Semi Adult,
Lory,Cockatoo Aviary,C25,Black capped lory,M029,Female,Semi Adult,
Lory,Cockatoo Aviary,C26,Olive Swainson Lory,CKRF 1046,Male,Semi Adult,
Lory,Cockatoo Aviary,C26,Red collared lory,CKRF 397,Male,Semi Adult,
Lory,Cockatoo Aviary,C26,Swainson lory,CKRF 670,Female,Semi Adult,
Lory,Cockatoo Aviary,C26,Swainson lory,CKRF 668,Female,Semi Adult,
Lory,Cockatoo Aviary,C26,Redcolored lory,CKRE 2059,Female,Semi Adult,
Lory,Cockatoo Aviary,C26,Olive Swainson Lory,CKRF 400,Female,Semi Adult,
Lory,Cockatoo Aviary,C26,Red Lory ,CKRD 664,,Semi Adult,
Lory,Cockatoo Aviary,C26,Swainson Lory,CKRF 051,Female,Semi Adult,
Lory,Cockatoo Aviary,C26,Red Lory ,CKRF 1044,Male,Semi Adult,
Conure,Cockatoo Aviary,C27,Red collared lory,CKRF 667,Female,Semi Adult,
Conure,Cockatoo Aviary,C27,Swainson Lory,CKRF 666,Female,Semi Adult,
Conure,Cockatoo Aviary,C27,Red collared lory,CKRE 2113,Male,Semi Adult,
Conure,Cockatoo Aviary,C27,Swainson Lory,CKRF 669,Male,Semi Adult,
Lory,Cockatoo Aviary,C28,Yellow Bibbed Lory,CKRD1628,,Semi Adult,
Lory,Cockatoo Aviary,C28,Chattering Lory,CKRF489,,Semi Adult,
Lory,Cockatoo Aviary,C29,Red Lory ,CKRE 1472,,Semi Adult,
Lory,Cockatoo Aviary,C29,Red Lory ,CKRD 650,,Semi Adult,
Lory,Cockatoo Aviary,C29,Black capped lory,CKRE 1547,Male,Semi Adult,
Lory,Cockatoo Aviary,C29,Red Lory ,CKRD 2167,,Semi Adult,
Lorykeet,Cockatoo Aviary,C30,Red Collared Lorikeet,ACEIND128,Female,Semi Adult,
Lory,Cockatoo Aviary,C31,Black capped lory,CKRD 1568,Male,Semi Adult,
Lory,Cockatoo Aviary,C32,Red Lory ,CKRF 1006,Female,Semi Adult,
Lory,Cockatoo Aviary,C32,Red Lory ,CKRF 1040,Female,Semi Adult,
Lory,Cockatoo Aviary,C32,Black caped &chatring lory,CKRF 1014,Female,Semi Adult,
Lory,Cockatoo Aviary,C32,Red Lory ,CKRF 719,Male,Semi Adult,
Lory,Cockatoo Aviary,C33,Yellow Bibbed Lory,17.063,,Semi Adult,
Lory,Cockatoo Aviary,C33,Yellow Bibbed Lory,CKRD 1580,,Semi Adult,
Lory,Cockatoo Aviary,C34,Black capped lory,CKRF491,,Semi Adult,
Lory,Cockatoo Aviary,C35,Swainson Lory,CKRF 492,Female,Semi Adult,
Lory,Cockatoo Aviary,C35,Swainson Lory,CKRE 026,Female,Semi Adult,
Lory,Cockatoo Aviary,C35,Swainson Lory,CKRE 1156,,Semi Adult,
Lorykeet,Cockatoo Aviary,C35,Green Napped Lorikeet,ACE IND 086,Female,Semi Adult,
Lory,Cockatoo Aviary,C35,Red collared lory,CKRF 379,Male,Semi Adult,
Lory,Cockatoo Aviary,C36,Red Lory ,CKRC 380,Female,Semi Adult,
Lory,Cockatoo Aviary,C37,Yellow Bibbed Lory,CKRD 654,,Semi Adult,
Lory,Cockatoo Aviary,C38,Black capped lory,SUN HG 1646,Male,Semi Adult,
Lory,Cockatoo Aviary,C39,Red Lory ,CKRF 388,Male,Semi Adult,
Lory,Cockatoo Aviary,C39,Red Lory ,CKRF 1041,Female,Semi Adult,
Lory,Cockatoo Aviary,C39,Red Lory ,CKRF 381,Female,Semi Adult,
Lory,Cockatoo Aviary,C39,Red Lory ,CKRF 301,Male,Semi Adult,
Lory,Cockatoo Aviary,C40,Red Lory ,CKRD 663,,Semi Adult,
Lory,Cockatoo Aviary,C40,Red Lory ,CKRE 1232,,Semi Adult,
Lory,Cockatoo Aviary,C40,Red Lory ,CKRD 679,,Semi Adult,
Lory,Cockatoo Aviary,C40,Red Lory ,CKRD 1422,,Semi Adult,
LORY,Cockatoo Aviary,C41,Chattering Lory,GVR05,Female,Semi Adult,
LORY,Cockatoo Aviary,C41,Chattering Lory,GVR06,Female,Semi Adult,
Lory,Cockatoo Aviary,C42,Swainson Lory,CKRF 1975,,Semi Adult,
Lory,Cockatoo Aviary,C42,Swainson Lory,CKRE 1995,,Semi Adult,
Lory,Cockatoo Aviary,C42,Swainson Lory,CKRE 1977,,Semi Adult,
Lory,Cockatoo Aviary,C42,Swainson Lory,CKRE 1464,,Semi Adult,
Lory,Cockatoo Aviary,C42,Swainson Lory,CKRE 1980,,Semi Adult,
Lory,Cockatoo Aviary,C42,Swainson Lory,CKRE 1981,,Semi Adult,
Lory,Cockatoo Aviary,C42,Swainson Lory,CKRE 1474,,Semi Adult,
Lory,Cockatoo Aviary,C42,Swainson Lory,CKRE 1051,,Semi Adult,
Lory,Cockatoo Aviary,C42,Swainson Lory,CKRE 1979,,Semi Adult,
Lory,Cockatoo Aviary,C43,Yellow Bibbed Lory,CKR D1411,Female,Semi Adult,
Lory,Cockatoo Aviary,C44,Red Lory ,CKRD 1582,Male,Semi Adult,
Lory,Cockatoo Aviary,C44,Red Lory ,CKRD 1534,Female,Semi Adult,
Lory,Cockatoo Aviary,C44,Red Lory ,CKRE 1242,Female,Semi Adult,
Lory,Cockatoo Aviary,C44,Red Lory ,CKRE 1227,,Semi Adult,
Lory,Cockatoo Aviary,C44,Red Lory ,CKRD 1585,Male,Semi Adult,
Lory,Cockatoo Aviary,C44,Red Lory ,CKRD 1564,Male,Semi Adult,
Lory,Cockatoo Aviary,C45,Red Lory ,CKRF 799,Male,Semi Adult,
Lory,Lory Aviary,D01,Yellow Bipped Lory,CKRC 407,Male,Non proven,
Lory,Lory Aviary,D01,Yellow Bipped Lory,CKRC 422,Female,Non proven,
Lorikeet,Lory Aviary,D02,Olive Redcollar Lorikeet,9000,Male,Non proven,
Lorikeet,Lory Aviary,D02,Olive Swainson Lorikeet,CKRD 536,Female,Non proven,
Lorikeet,Lory Aviary,D03,Olive Swainson Lorikeet,CKRC 388,Female,Non proven,
Lorikeet,Lory Aviary,D03,Olive Swainson Lorikeet,CKRC 229,Male,Non proven,
Lorikeet,Lory Aviary,D04,Green Napped Lorikeet,CKRC 314,Male,Non proven,
Lorikeet,Lory Aviary,D04,Green Napped Lorikeet,ACE IND 137,Female,Non proven,
Lorikeet,Lory Aviary,D05,Scaly Breasted Lorikeet,CKRA 153,Male,Proven,
Lorikeet,Lory Aviary,D05,Scaly Breasted Lorikeet(Olive),K 8003,Female,Proven,
Lorikeet,Lory Aviary,D06,Green Napped Lorikeet,No Ring,Female,Proven,
Lorikeet,Lory Aviary,D06,Green Napped Lorikeet,YUV 314,Male,Proven,
Lory ,Lory Aviary,D07,Black Capped Lory,MAR 092,Male,Proven,
Lory ,Lory Aviary,D07,Black Capped Lory,MAR 050,Female,Proven,
Lorikeet,Lory Aviary,D08,Green Napped Lorikeet,CKRD 1430,Male,Proven,
Lorikeet,Lory Aviary,D08,Green Napped Lorikeet,CKRD 1490,Female,Proven,
Lorikeet,Lory Aviary,D09,Olive Redcollar Lorikeet,ct0097,Female,Proven,
Lorikeet,Lory Aviary,D09,Olive Swainson Lorikeet,7 DNG 4300,Male,Proven,
Lory ,Lory Aviary,D10,Red Lory,213,Female,Non proven,
Lory ,Lory Aviary,D10,Red Lory,YUV117,Male,Non proven,
Lorikeet,Garden,D11,Green Napped Lorikeet,YUV 400,Male,Proven,
Lorikeet,Garden,D11,Green Napped Lorikeet,YUV 287,Female,Proven,
Lorikeet,Lory Aviary,D12,Red Collared Lorikeet,MCR 011,Male,Proven,
Lorikeet,Lory Aviary,D12,Red Collared Lorikeet,MCR 021,Female,Proven,
Lorikeet,Lory Aviary,D13,Scaly Breasted Lorikeet,CKRA 125,,Non proven,
Lorikeet,Lory Aviary,D13,Scaly Breasted Lorikeet(Olive),TC U 864,,Non proven,
Lorikeet,Lory Aviary,D14,Green Napped Lorikeet,No Ring,Female,Proven,
Lorikeet,Lory Aviary,D14,Green Napped Lorikeet,SYY 3032,Male,Proven,
Lorikeet,Lory Aviary,D15,Red Collared Lorikeet,CKRD 1446,NA,Proven,
Lorikeet,Lory Aviary,D15,Red Collared Lorikeet,CKRD 535,NA,Proven,
Lorikeet,Lory Aviary,D16,Olive scaly breasted lorikeet,RRPRASATH22,Male,Non proven,
Lorikeet,Lory Aviary,D16,Scaly Breasted Lorikeet,ACEIND 053,Female,Non proven,
Lorikeet,Lory Aviary,D17,Violet Nacked Lory,CHIRP 027,Male,Proven,
Lorikeet,Lory Aviary,D17,Violet Nacked Lory,JP 371,Female,Proven,
Lory ,Lory Aviary,D18,Black Capped Lory,Sunil 651,Female,Non proven,
Lory ,Lory Aviary,D18,Black Capped Lory,Sunil 610,Male,Non proven,
Lory,Lory Aviary,D19,Duyvenbode lory,375,Male,Non proven,
Lory,Lory Aviary,D19,Black Lory,441,Female,Non proven,
Lory,Lory Aviary,D20,Swainson's Lorikeet,CKRC320,Female,Non proven,
Lory,Lory Aviary,D20,Swainson's Lorikeet,CKRD1488,Male,Non proven,
Lory,Lory Aviary,D21,Red Lory,ABW 5157,Female,Non proven,
Lory,Lory Aviary,D21,Red Lory,218,Male,Non proven,
Lory,Lory Aviary,D22,Duyvenbode lory,394,Female,Non proven,
Lory,Lory Aviary,D22,Yellow-streaked Lory,AM-727,Male,Non proven,
Lory,Lory Aviary,D23,Chattering lory,Ckr c 392,Female,Non proven,
Lory,Lory Aviary,D23,Black capped lory,SUNIL 698,Male,Non proven,
Lorikeet,Lory Aviary,D24,Olive swainson lorikeet,CKR B 215,Female,Proven,
Lorikeet,Lory Aviary,D24,Olive swainson lorikeet,TSNZ 80,Male,Proven,
Lory,Lory Aviary,D25,Red Lory,215,Male,Proven,
Lory,Lory Aviary,D25,Red Lory,ABW 5147,Female,proven,
Lorikeet,Lory Aviary,D26,Olive swainson lorikeet,CKR C 257,Male,Proven,
Lorikeet,Lory Aviary,D26,Swainson's Lorikeet,NO ring,Female,proven,
Lorikeet,Lory Aviary,D27,Red Collared Lorikeet,CKRC283,Male,Proven,
Lorikeet,Lory Aviary,D27,Red Collared Lorikeet,CKRC202,Female,proven,
Lorikeet,Lory Aviary,D28,Scaly breasted Lorikeet ,GF 0 346,Male,Proven,
Lorikeet,Lory Aviary,D28,Scaly breasted Lorikeet ,CKR A 158,Female,Proven,
Red Lory ,Lory Aviary,D29,Lory,YUV 111,Male,Proven,
Red Lory ,Lory Aviary,D29,Lory,ABW 5159,Female,Proven,
Lorikeet,Lory Aviary,D30,Swainson's Lorikeet,CKR A 480,Male,Proven,
Lorikeet,Lory Aviary,D30,Swainson's Lorikeet,CKR A 417,Female,Proven,
Lory ,Lory Aviary,D31,Red Lory,204,Male,Proven,
Lory ,Lory Aviary,D31,Red Lory,224,Female,Proven,
Lory ,Lory Aviary,D32,Yellow Bibbed Lory,CKR 182,Female,Proven,
Lory ,Lory Aviary,D32,Yellow Bibbed Lory,CKR 344,Male,Proven,
Lorikeet,Lory Aviary,D33,Swainson's Lorikeet,CKR B 050,Female,Proven,
Lorikeet,Lory Aviary,D33,Swainson's Lorikeet,SA256,Male,Proven,
Lorikeet,Lory Aviary,D34,Red Collared Lorikeet,CKRC237,Male,Proven,
Lorikeet,Lory Aviary,D34,Red Collared Lorikeet,CKRC246,Female,Proven,
Lorikeet,Lory Aviary,D35,Olive swainson lorikeet,CKR B 042,Female,Proven,
Lorikeet,Lory Aviary,D35,Swainson's Lorikeet,CKRC313,Male,proven,
Lorikeet,Lory Aviary,D36,Green Napped Lorikeet, ,Male,Proven,
Lorikeet,Lory Aviary,D36,Green Napped Lorikeet,BH7318,Female,Proven,
Lorikeet,Lory Aviary,D37,Swainson's Lorikeet,CKRC277,Male,Proven,
Lorikeet,Lory Aviary,D37,Swainson's Lorikeet,ACEIND130,Female,Proven,
Lorikeet,Lory Aviary,D38,Red Collared Lorikeet,"HL7810, CKR 182",Male,Proven,
Lorikeet,Lory Aviary,D38,Red Collared Lorikeet,"TE4550, CKR B 216",Female,Proven,
Lorikeet,Lory Aviary,D39,Olive swainson lorikeet,CKR 228,NA,Proven,
Lorikeet,Lory Aviary,D39,Swainson's Lorikeet,CKR 378,NA,Proven,
Lory ,Lory Aviary,D40,Red Lory,ABW 3899,Male,Proven,
Lory ,Lory Aviary,D40,Red Lory,ABW 5146,Female,Proven,
Lorikeet,Lory Aviary,D41,Swainson's Lorikeet,CKRD1481,Male,Proven,
Lorikeet,Lory Aviary,D41,Swainson's Lorikeet,CKRD1562,Female,Proven,
Lorykeet,Lory Aviary,D42,Red Collared Lorikeet,CKRC288,Female,Proven,
Lorykeet,Lory Aviary,D42,Red Collared Lorikeet,CKRC281,Male,Proven,
Lorikeet,Garden,D43,Swainson's Lorikeet,CKR A 443,Male,Proven,
Lorikeet,Garden,D43,Swainson's Lorikeet,GFC 498,Female,Proven,
Lorykeet,Lory Aviary,D44,Red Collared Lorikeet,CKRC199,Female,Proven,
Lorykeet,Lory Aviary,D44,Red Collared Lorikeet,CKRC 206,male,Proven,
Lorikeet,Garden,D45,Green Napped Lorikeet,YUV 293,Female,Proven,
Lorikeet,Garden,D45,Swainson's Lorikeet,CKR C 197,Male,Proven,
Lorikeet,Garden,D46,Red Collared Lorikeet,MVF 845,Male,Proven,
Lorikeet,Garden,D46,Red Collared Lorikeet,BB 858/ 11-126,Female,Proven,
Lory,Garden,D47,Red Lory ,217,Male,Proven,
Lory,Garden,D47,Red Lory ,ABW 3921,Female,Proven,
Lorikeet,Garden,D48,Red Collared Lorikeet,CKRC303,Male,Proven,
Lorikeet,Garden,D48,Red Collared Lorikeet,CKRC291,Female,Proven,
Lorikeet,Lory Aviary,E01,Swainson's lorikeet,SLEEJA 277,Male,Non proven,
Lorikeet,Lory Aviary,E01,Swainson's lorikeet,CKRD 1406,Female,Non proven,
Lory ,Lory Aviary,E02,Duyvenbode Lory,395,Male,Proven,
Lory ,Lory Aviary,E02,Duyvenbode Lory,392,Female,Proven,
Lory ,Lory Aviary,E03,Yellow Bibbed Lory,MAR 083,Male,Proven,
Lory ,Lory Aviary,E03,Yellow Bibbed Lory,CKR 236,Female,Proven,
Lorikeet,Lory Aviary,E04,Swainson's lorikeet,CKRC 241,Female,Proven,
Lorikeet,Lory Aviary,E04,Swainson's lorikeet,CKRC 365,Male,Proven,
Lorikeet,Lory Aviary,E05,Red Collared Lorikeet,CKRB 149,Female,Non proven,
Lorikeet,Lory Aviary,E05,Red Collared Lorikeet,CKRC 225,Male,Non proven,
Lory ,Lory Aviary,E06,Chattering lory,CKRC 399,Female,Non proven,
Lory ,Lory Aviary,E06,Chattering lory,CKRC 395,Male,Non proven,
Lorikeet,Lory Aviary,E07,Swainson's lorikeet,CKRD 1407,Male,Non proven,
Lorikeet,Lory Aviary,E07,swainson's lorikeet,CKRD 1487,Female,Non proven,
Lory ,Lory Aviary,E08,Yellow Bibbed Lory,CKRB 123,,Proven,
Lory ,Lory Aviary,E08,Yellow Bibbed Lory,CKRB 438,,Proven,
Lory ,Lory Aviary,E09,Black Capped Lory,Sunil 637,Female,Non proven,
Lory ,Lory Aviary,E09,Black Capped Lory,Sunil 664,Male,Non proven,
Lorikeet,Lory Aviary,E10,Swainson's lorikeet,CKRC 369,Male,Proven,
Lorikeet,Lory Aviary,E10,Swainson's lorikeet,CKRC 263,Female,proven,
Lorikeet,Lory Aviary,E11,Red Collared Lorikeet,NJB 119,Male,Non proven,
Lorikeet,Lory Aviary,E11,Red Collared Lorikeet,NJB 118,Female,Non proven,
Lorikeet,Lory Aviary,E12,Olive Swainson Lorikeet,PSNZ 84,,Proven,
Lorikeet,Lory Aviary,E12,Olive Swainson Lorikeet,No Ring (Splay leg),Male,Proven,
Lory,Lory Aviary,E13,Red Lory,TER22824,Female,Non proven,
Lory,Lory Aviary,E13,Red Lory,22835,Male,Non proven,
Lorikeet,Lory Aviary,E14,Swainson's lorikeet,No Ring,Female,Proven,
Lorikeet,Lory Aviary,E14,Swainson's lorikeet,CKRC 272,Male,Proven,
Lory,Lory Aviary,E15,Red Lory,5153,Female,Proven,
Lory,Lory Aviary,E15,Red Lory,ABW 5141,Male,Proven,
Lorikeet,Lory Aviary,E16,Green Napped Lorikeet,ACE IND 151,Female,Proven,
Lorikeet,Lory Aviary,E16,Green Napped Lorikeet,CKRC 322,Male,Proven,
Lory,Lory Aviary,E17,Black Capped Lory,290,Female,Non proven,
Lory,Lory Aviary,E17,Black Capped Lory,162,Male,Non proven,
Lory,Lory Aviary,E18,Red Lory,207,Male,Proven,
Lory,Lory Aviary,E18,Red Lory,220,Female,Proven,
Lory,Lory Aviary,E19,Black capped lory,Sunil 692,Male,Proven,
Lory,Lory Aviary,E19,Chattering lory,JP 514,Female,Proven,
Lory,Lory Aviary,E20,Swainson's Lorikeet,CKRD1405,Female,Proven,
Lory,Lory Aviary,E20,Swainson's Lorikeet,CKRD1572,Male,Proven,
Lory,Lory Aviary,E21,Swainson's Lorikeet,CKRD1489,Female,Proven,
Lory,Lory Aviary,E21,Swainson's Lorikeet,CKRC249,Male,Proven,
Lory,Lory Aviary,E22,Swainson Lory,CKRB 141,Male,Proven,
Lory,Lory Aviary,E22,Swainson Lory,CKR B 092,Female,Proven,
Lory,Lory Aviary,E23,Red Lory,ABW 5160,Female,Proven,
Lory,Lory Aviary,E23,Red Lory,ABW 5142,Male,Proven,
Lory,Lory Aviary,E24,Red collared lory,4l 7858,Female,Proven,
Lory,Lory Aviary,E24,Red collared lory,GYYY O 5078,Male,Proven,
Lory,Lory Aviary,E25,Red collared lory,YO 5067,Female,Proven,
Lory,Lory Aviary,E25,Red collared lory,YMSBRC 773,Male,Proven,
Lory,Lory Aviary,E26,Black capped lory,SUNIL 618,Female,Proven,
Lory,Lory Aviary,E26,Black capped lory,SUNIL 681,Male,Proven,
Lory,Lory Aviary,E27,Red Lory,ABW 4849,Male,Proven,
Lory,Lory Aviary,E27,Red Lory,ABW 5154,Female,Proven,
Lory,Lory Aviary,E28,Swainson Lory,CKR B 107,Female,Proven,
Lory,Lory Aviary,E28,Swainson Lory,CKR 364,Male,Proven,
Lorikeet,Lory Aviary,E29,Red Collared Lorikeet,CKRC208,Female,Proven,
Lorikeet,Lory Aviary,E29,Red Collared Lorikeet,CKRC204,male,proven,
Lory,Lory Aviary,E30,Red Lory,ABW 5145,Male,Proven,
Lory,Lory Aviary,E30,Red Lory,ABW 5158,Female,Proven,
Lorikeet,Lory Aviary,E31,Olive swainson lorikeet,CKR C 230, ,Proven,
Lorikeet,Lory Aviary,E31,Swainson's Lorikeet,CKR C 266, ,Proven,
Lory,Lory Aviary,E32,Red Lory,ABW 5161,Male,Proven,
Lory,Lory Aviary,E32,Red Lory,202,Male,Proven,
Lorikeet,Lory Aviary,E33,Scaly breasted Lorikeet ,CKR A 127,Male,Proven,
Lorikeet,Lory Aviary,E33,Scaly breasted Lorikeet ,CKR 0110,Female,Proven,
Lorikeet,Lory Aviary,E34,Swainson's Lorikeet,CKR 221,Male,Proven,
Lorikeet,Lory Aviary,E34,Swainson's Lorikeet,CKR 361,Female,Proven,
Lorikeet,Lory Aviary,E35,Red Collared Lorikeet,CKRD1478,Male,Proven,
Lorikeet,Lory Aviary,E35,Red Collared Lorikeet,CKRD1583,Female,Proven,
Lorikeet,Lory Aviary,E36,Olive swainson lorikeet,CKR B 114,Female,Proven,
Lorikeet,Lory Aviary,E36,Swainson's Lorikeet,CKRD1476,Male,Proven,
Lorikeet,Lory Aviary,E37,Green Napped Lorikeet,YUV 304,Male,Proven,
Lorikeet,Lory Aviary,E37,Green Napped Lorikeet,YUV 398,Female,Proven,
Lorikeet,Lory Aviary,E38,Swainson's Lorikeet,CKR 316,Female,Proven,
Lorikeet,Lory Aviary,E38,Swainson's Lorikeet,CKR 248,Male,Proven,
Lory,Lory Aviary,E39,Red Lory,PABW 324,Female,Proven,
Lory,Lory Aviary,E39,Red Lory,YUV 40,Male,Proven,
Lorikeet,Lory Aviary,E40,Swainson's Lorikeet,CKR C 411,Female,Proven,
Lorikeet,Lory Aviary,E40,Swainson's Lorikeet,CKR C 309,Male,Proven,
Lorikeet,Lory Aviary,E41,Red Collared Lorikeet,SVC107,Male,Proven,
Lorikeet,Lory Aviary,E41,Red Collared Lorikeet,7B3328,Female,Proven,
Lory,Lory Aviary,E42,Swainson Lory,CKRA 438,,Proven,
Lory,Lory Aviary,E42,Swainson Lory,CKRA 435,,Proven,
Lory,Lory Aviary,E43,Red collared lory,CKRC 315,,Proven,
Lory,Lory Aviary,E43,Red collared lory,CKRC 294,,Proven,
Lorikeet,Garden,E44,Green Napped Lorikeet,CKR 354,Female,Proven,
Lorikeet,Garden,E44,Green Napped Lorikeet,CKR 073,Male,Proven,
Lorikeet,Garden,E45,Scaly breasted Lorikeet ,AP 8377,Female,Proven,
Lorikeet,Garden,E45,Scaly breasted Lorikeet (Olive),TC 6A Q 238,Male,Proven,
Lorikeet,Garden,E46,Green Napped Lorikeet,KOA J1600,Male,Proven,
Lorikeet,Garden,E46,Green Napped Lorikeet,ACE IND 87,Female,Proven,
Lorikeet,Garden,E47,Red Collared Lorikeet,CKRD1589,Male,Proven,
Lorikeet,Garden,E47,Red Collared Lorikeet,CKRC222,Female,Proven,
Lorikeet,Garden,E48,Green Napped Lorikeet,CKR 351,Female,Proven,
Lorikeet,Garden,E48,Green Napped Lorikeet,CKR 156,Male,Proven,
Lory,Lory Aviary,F01,Black capped lory,3037,Male,Semi Adult,
Lory,Lory Aviary,F01,Black capped lory,2437,Female,Semi Adult,
Lory,Lory Aviary,F02,Red Lory ,CKRD 1602,Female,Semi Adult,
Lory,Lory Aviary,F02,Red Lory ,CKRD 1609,Male,Semi Adult,
Lory,Lory Aviary,F03,Olive Swainson Lory,CKRE 1230,Male,Semi Adult,
Lory,Lory Aviary,F03,Swainson Lory,CKRF 180,Female,Semi Adult,
Lory,Lory Aviary,F04,Red Lory ,CKRD 388,Female,Semi Adult,
Lory,Lory Aviary,F04,Red Lory ,CKRF 389,Male,Semi Adult,
Lorikeet,Garden,F05,Red Collared Lorikeet,CKRC306,Male,Proven,
Lorikeet,Garden,F05,Red Collared Lorikeet,CKRC279,Female,Proven,
Lory,Lory Aviary,F06,Red Lory ,CKRD 681,Female,Semi Adult,
Lory,Lory Aviary,F06,Red Lory ,CKRD 678,Male,Semi Adult,
Lory,Lory Aviary,F07,Swainson Lory,CKRF 136,Female,Semi Adult,
Lory,Lory Aviary,F07,Olive Swainson Lory,CKRF 399,Male,Semi Adult,
Lory,Lory Aviary,F08,Red Lory ,CKRD 1443,Male,Semi Adult,
Lorykeet,Lory Aviary,F09,Olive swainson lorikeet,7K8807,Male,Semi Adult,
Lory,Lory Aviary,F10,Red Lory ,PABW 375,Female,Semi Adult,
Lory ,Lory Aviary,F10,Red Lory,YUV 39,Male,Semi Adult,
Lory,Lory Aviary,F11,Olive Swainson Lory,CKRE 1950,Female,Semi Adult,
Lory,Lory Aviary,F12,Red Lory ,221,Female,Semi Adult,
Lory,Lory Aviary,F13,Black capped lory,249,Male,Semi Adult,
Lory,Lory Aviary,F14,Olive Swainson Lory,CKRF 383,Female,Semi Adult,
Lory,Lory Aviary,F14,Olive Swainson Lory,CKRF 387,Male,Semi Adult,
Lory,Lory Aviary,F15,Red Lory ,CKRF 1011,Female,Semi Adult,
Lory,Lory Aviary,F15,Red Lory ,CKRD 637,Male,Semi Adult,
Lory,Lory Aviary,F16,Swainson Lory,CKRF 337,Female,Semi Adult,
Lory,Lory Aviary,F16,Swainson Lory,CKRF 072,Male,Semi Adult,
Lory,Lory Aviary,F17,Red collared lory,CKRF 497,Female,Semi Adult,
Lory,Lory Aviary,F17,Red collared lory,CKRF 475,Male,Semi Adult,
Lory,Lory Aviary,F19,Red collared lory,CKRF 338,Female,Semi Adult,
Lory,Lory Aviary,F19,Red collared lory,CKRF 336,Male,Semi Adult,
Lory,Lory Aviary,F20,Swainson Lory,CKRD 694,Female,Semi Adult,
Lory,Lory Aviary,F21,Red collared lory,CKRF 335,Male,Semi Adult,
Lory,Lory Aviary,F21,Red collared lory,CKRF 340,Female,Semi Adult,
Lorykeet,Lory Aviary,F22,Olive red collar lorikeet,TK9114,Male,Semi Adult,
Lorikeet,Lory Aviary,F22,Olive Redcollar lorikeet,TK 9079,Female,Semi Adult,
Lory,Lory Aviary,F23,Olive Swainson Lory,CKRD 572,Female,Semi Adult,
Lorykeet,Lory Aviary,F24,Red Collared Lorikeet,ACEIND 115,Female,Semi Adult,
Lory,Lory Aviary,F24,Red collared lory,CKRE 1894,Male,Semi Adult,
Lorikeet,Lory Aviary,F25,Olive swainson lorikeet,CKRD 579,Female,Semi Adult,
Lorikeet,Lory Aviary,F25,Olive swainson lorikeet,7L 6689,Male,Semi Adult,
Lory,Lory Aviary,F26,Red Lory ,CKRD 508,Male,Semi Adult,
Lory,Lory Aviary,F26,Red Lory ,CKRD 680,Female,Semi Adult,
Lorykeet,Lory Aviary,F27,Red Collared Lorikeet,TWN131013,Female,Semi Adult,
Lory,Lory Aviary,F27,Red collared lory,CKRE 1215,Male,Semi Adult,
Lorykeet,Lory Aviary,F28,Olive swainson lorikeet,T066D159,Male,Semi Adult,
Lory,Lory Aviary,F29,Red Lory ,CKRD 661,Female,Semi Adult,
Lory,Lory Aviary,F29,Red Lory ,ACIND163,Male,Semi Adult,
Lorikeet,Lory Aviary,F30,Swainson's Lorikeet,CKRC 248,Male,Semi Adult,
Lorikeet,Lory Aviary,F30,Swainson's Lorikeet,ACE IND 148,Female,Semi Adult,
Lory,Lory Aviary,F31,Red collared lory,CKRE 1853,Male,Semi Adult,
Lorykeet,Lory Aviary,F31,Red Collared Lorikeet,CKR 1941,Female,Semi Adult,
Lory,Lory Aviary,F32,Red Lory ,CKRD 1526,Male,Semi Adult,
Lory,Lory Aviary,F32,Red Lory ,CKRD 660,Female,Semi Adult,
Lorikeet,Lory Aviary,F33,Olive swainson lorikeet,CKRD 1576,Male,Semi Adult,
Lorikeet,Lory Aviary,F33,Olive swainson lorikeet,7 L6697,Female,Semi Adult,
Lory,Lory Aviary,F34,Violet Necked Lory,CKRC 193,Female,Semi Adult,
Lory,Lory Aviary,F34,Violet Necked Lory,CKRD 1394,Male,Semi Adult,
Lorikeet,Lory Aviary,F35,Olive swainson lorikeet,CKRD 1403,Male,Semi Adult,
Lorikeet,Lory Aviary,F35,Olive swainson lorikeet,8AJO373,Female,Semi Adult,
Lory,Lory Aviary,F36,Red Lory ,CKRD 1425,Male,Semi Adult,
Lory,Lory Aviary,F36,Red Lory ,CKRD 676,Female,Semi Adult,
Lorikeet,Lory Aviary,F37,Olive swainson lorikeet,CKRD 1421,Male,Semi Adult,
Lorikeet,Lory Aviary,F37,Olive swainson lorikeet,7000,Female,Semi Adult,
Lory,Lory Aviary,F38,Red Lory ,CKRD 1588,Male,Semi Adult,
Lory,Lory Aviary,F38,Red Lory ,CKR D 2149,Female,Semi Adult,
Lorikeet,Lory Aviary,F39,Olive swainson lorikeet,75KZ6213,Male,Semi Adult,
Lorikeet,Lory Aviary,F39,Swainson's Lorikeet,CKRC 297,Female,Semi Adult,
Lory,Lory Aviary,F40,Violet Necked Lory,CKRE 1949,Female,Semi Adult,
Lory,Lory Aviary,F40,Violet Necked Lory,CKRD 1581,Male,Semi Adult,
Lorikeet,Lory Aviary,F41,Olive swainson lorikeet,2000,Male,Semi Adult,
Lorikeet,Lory Aviary,F41,Swainson's Lorikeet,ACE IND 118,Female,Semi Adult,
Lory,Lory Aviary,F42,Violet Necked Lory,CKRD 1578,Male,Semi Adult,
Lory,Lory Aviary,F42,Violet Necked Lory,CKRE 526,Female,Semi Adult,
Lory,Lory Aviary,F43,Red Lory ,CKRD 1558,Male,Semi Adult,
Lory,Lory Aviary,F43,Red Lory ,CKRD 1539,Female,Semi Adult,
Lory,Lory Aviary,F44,Violet Necked Lory,CKRD 1399,Male,Semi Adult,
Lory,Lory Aviary,F44,Violet Necked Lory,CKRD 1316,Female,Semi Adult,
Lorikeet,Lory Aviary,F45,Olive swainson lorikeet,7L 6678,Male,Semi Adult,
Lorikeet,Lory Aviary,F45,Olive swainson lorikeet,T0660192,Female,Semi Adult,
Lory,Lory Aviary,F46,Red collared lory,CKRF 474,Female,Semi Adult,
Lory,Lory Aviary,F46,Red collared lory,CKRF 395,Male,Semi Adult,
Lory,Lory Aviary,F47,Red Lory ,ACIND142,Male,Semi Adult,
Lory,Lory Aviary,F47,Red Lory ,CKRD 1633,Female,Semi Adult,
Lory,Lory Aviary,F48,Red collared lory,CKRF 027,Male,Semi Adult,
Lory,Lory Aviary,F48,Red collared lory,CKRF 390,Female,Semi Adult,
Lory,Lory Aviary,G03,Olive Swainson Lory,CKRF 339,Male,Semi Adult,
Lory,Lory Aviary,G04,Olive Swainson Lory,CKRE 1892,Male,Semi Adult,
Lory,Lory Aviary,G05,Swainson Lory,CKRE 1579,Male,Semi Adult,
Lory,Lory Aviary,G06,Olive Swainson Lory,CKRE 1222,Male,Semi Adult,
Lory,Lory Aviary,G07,Red Lory ,CKRD 1449,Female,Semi Adult,
Lory,Lory Aviary,G08,Olive Swainson Lory,CKRD 1537,Female,Semi Adult,
Lory,Lory Aviary,G09,Red Lory ,YUV 35,Male,Semi Adult,
Lory,Lory Aviary,G11,Black capped lory,NO RING,Female,Semi Adult,
Lory,Lory Aviary,G12,Swainson Lory,CKRD 1423,Female,Semi Adult,
Lory,Lory Aviary,G17,Swainson Lory,CKRD 614,Female,Semi Adult,
Lory,Lory Aviary,G18,Chattering Lory,CKRD 1594,male,Semi Adult,
Lory,Lory Aviary,G19,Chattering Lory,CKRD 1593,Female,Semi Adult,
Conure,Lory Aviary,G21,Sun Conure,CKRE 1602,Female,Semi Adult,
Conure,Lory Aviary,G22,Sun Conure,CKRE 1309,Female,Semi Adult,
Conure,Lory Aviary,G23,Sun Conure,CKRE 1631,Female,Semi Adult,
Conure,Lory Aviary,G24,Sun Conure,CKRE 1583,Female,Semi Adult,
Lory,Lory Aviary,G25,Red Lory ,ZA08 457,Male,Semi Adult,
Lory,Lory Aviary,G26,Red Lory ,ABN3939,Female,Semi Adult,
Lory,Lory Aviary,G28,Olive Swainson Lory,CKRD 509,Female,Semi Adult,
Lory,Lory Aviary,G29,Red Lory ,YUV 26,Female,Semi Adult,
Lory,Lory Aviary,G30,Red Lory ,YUV 327,Male,Semi Adult,
Lory,Lory Aviary,G31,Chattering Lory,CKRD 1592,Male,Semi Adult,
Lory,Lory Aviary,G32,Chattering Lory,CKRD 670,Female,Semi Adult,
Lory,Lory Aviary,G34,Chattering Lory,CKRD 697,Male,Semi Adult,
Lory,Lory Aviary,G35,Chattering Lory,CKRD 1640,Female,Semi Adult,
Lory,Lory Aviary,G38,Red Lory ,CKRD 673,Male,Semi Adult,
Lory,Lory Aviary,G38,Red Lory ,CKRD 1610,Female,Semi Adult,
Lory,Lory Aviary,G40,Red Lory ,CKR D 1554,Male,Semi Adult,
Lory,Lory Aviary,G41,Chattering Lory,CKR 26,Female,Semi Adult,
Lory,Lory Aviary,G41,Chattering Lory,MAR068,Male,Semi Adult,
Lory,Lory Aviary,G42,Red Lory ,CKR D 1541,Male,Semi Adult,
Lory,Lory Aviary,G42,Red Lory ,CKRD 2177,Female,Semi Adult,
Lory,Lory Aviary,G43,Chattering Lory,CKRC 377,Female,Semi Adult,
Lory,Lory Aviary,G43,Chattering Lory,CKRD 1596,Male,Semi Adult,
Lory,Lory Aviary,G44,Red Lory ,CKRF 130,Female,Semi Adult,
Lory,Lory Aviary,G44,Red Lory ,CKRF 1010,Male,Semi Adult,
Lory,Lory Aviary,G45,Chattering Lory,MCR 086,Female,Semi Adult,
Lory,Lory Aviary,G45,Chattering Lory,12R07,Male,Semi Adult,
Lory,Lory Aviary,G46,Red Lory ,CKRD 1527,Male,Semi Adult,
Lory,Lory Aviary,G46,Red Lory ,CKRD 1623,Female,Semi Adult,
Lory,Lory Aviary,G47,Swainson Lory,CKRE 1940,Female,Semi Adult,
Lory,Lory Aviary,G48,Red Lory ,CKRD 1603,Female,Semi Adult,
Lory,Lory Aviary,G48,Red Lory ,CKRD 1204,Male,Semi Adult,
Conure,Lory Aviary,H01,Sun Conure,CKRE 1619,Male,Semi Adult,
Conure,Lory Aviary,H01,Sun Conure,CKRE 1623,Female,Semi Adult,
Conure,Lory Aviary,H02,Sun Conure,CKRE 1587,Male,Semi Adult,
Conure,Lory Aviary,H02,Sun Conure,CKRE 1567,Female,Semi Adult,
Conure,Lory Aviary,H03,Sun Conure,CKRE 1320,Female,Semi Adult,
Conure,Lory Aviary,H03,Sun Conure,CKRE 1582,Male,Semi Adult,
Conure,Lory Aviary,H04,Sun Conure,CKRE 1626,Female,Semi Adult,
Conure,Lory Aviary,H05,Sun Conure,CKRE 1618,Male,Semi Adult,
Conure,Lory Aviary,H05,Sun Conure,CKRE 1956,Female,Semi Adult,
Conure,Lory Aviary,H06,Sun Conure,CKRE 1573,Male,Semi Adult,
Conure,Lory Aviary,H06,Sun Conure,CKRE 1621,Female,Semi Adult,
Conure,Lory Aviary,H07,Sun Conure,CKRE 1290,Female,Semi Adult,
Conure,Lory Aviary,H07,Sun Conure,CKRE 1289,Male,Semi Adult,
Conure,Lory Aviary,H08,Sun Conure,CKRE 1617,Female,Semi Adult,
Conure,Lory Aviary,H08,Sun Conure,CKRE 1625,Male,Semi Adult,
Conure,Lory Aviary,H09,Sun Conure,CKRE 1592,Female,Semi Adult,
Conure,Lory Aviary,H09,Sun Conure,CKRE 1597,Male,Semi Adult,
Conure,Lory Aviary,H10,Sun Conure,CKRE 1345,Male,Semi Adult,
Conure,Lory Aviary,H10,Sun Conure,CKRE 1338,Female,Semi Adult,
Conure,Lory Aviary,H11,Sun Conure,CKRE 1613,Male,Semi Adult,
Conure,Lory Aviary,H11,Sun Conure,CKRE 1319,Female,Semi Adult,
Conure,Lory Aviary,H12,Sun Conure,CKRE 1292,Female,Semi Adult,
Conure,Lory Aviary,H12,Sun Conure,CKRE 1568,Male,Semi Adult,
Conure,Lory Aviary,H13,Sun Conure,CKRE 1275,Female,Semi Adult,
Conure,Lory Aviary,H13,Sun Conure,CKRE 1603,Male,Semi Adult,
Conure,Lory Aviary,H14,Sun Conure,CKRE 1970,Female,Semi Adult,
Conure,Lory Aviary,H14,Sun Conure,CKRE 1647,Male,Semi Adult,
Conure,Lory Aviary,H15,Sun Conure,CKRE 1622,Female,Semi Adult,
Conure,Lory Aviary,H15,Sun Conure,CKRE 1588,Male,Semi Adult,
Conure,Lory Aviary,H16,Sun Conure,CKRE 1277,Female,Semi Adult,
Conure,Lory Aviary,H16,Sun Conure,CKRE 1594,Male,Semi Adult,
Conure,Lory Aviary,H17,Sun Conure,CKRE 1600,Female,Semi Adult,
Conure,Lory Aviary,H17,Sun Conure,CKRE 1634,Male,Semi Adult,
Conure,Lory Aviary,H18,Sun Conure,CKRE 1595,Female,Semi Adult,
Conure,Lory Aviary,H18,Sun Conure,CKRE 1593,Male,Semi Adult,
Conure,Garden,H19,Crimson bellied conure,LPV 016,,Proven,
Conure,Garden,H19,Crimson bellied conure,1DEERS 176,,Proven,
Conure,Garden,H20,Sun conure,GB 2927,Female,Proven,
Conure,Garden,H20,Sun conure,GB 2707,MALE,Proven,
Conure,Garden,H21,Crimson bellied conure,GLITUS 48,Female,Proven,
Conure,Garden,H21,Crimson bellied conure,AF 25,Male,Proven,
Conure,Garden,H22,Sun conure,GB 2799,Male,Proven,
Conure,Garden,H22,Sun conure,GB 2868,Female,Proven,
Lory,Lory Aviary,H23,Black capped lory,JFS11,Male,Semi Adult,
Lory,Lory Aviary,H24,Chattering Lory,CKRD 1410,Male,Semi Adult,
Conure,Garden,H25,Janday conure,Ckr 057,Female,Proven,
Conure,Garden,H25,Sun conure,Ckr 21,Male,Proven,
Conure,Garden,H26,Sun conure,GD 2692,Male,Proven,
Conure,Garden,H26,Sun conure,GD 3183,Female,Proven,
Conure,Lory Aviary,I 01,Crimson Bellied conure,TJ 0789,Female,Non proven,
Conure,Lory Aviary,I 01,Crimson Bellied conure,AP 72786,Male,Non proven,
Conure,Lory Aviary,I 02,Crimson Bellied conure,137,Male,Non proven,
Conure,Lory Aviary,I 02,Crimson Bellied conure,Huang.480,Female,Non proven,
Conure,Lory Aviary,I 03,Crimson Bellied conure,HMS .19.197,,Non proven,
Conure,Lory Aviary,I 03,Crimson Bellied conure,S.K 319,,Non proven,
Conure,Lory Aviary,I 04,Crimson Bellied conure,163,,Non proven,
Conure,Lory Aviary,I 04,Crimson Bellied conure,3879,,Non proven,
Parrot,Lory Aviary,I 05,Caique,CKR 21,,Proven,
Parrot,Lory Aviary,I 05,Caique,OMC 038,,Proven,
Conure,Lory Aviary,I 06,Crimson Bellied conure,PRCHAEARYRAVS063,,Proven,
Conure,Lory Aviary,I 06,Crimson Bellied conure,AJWA06,,Proven,
Parrot,Lory Aviary,I 07,Caique,G01,,Proven,
Parrot,Lory Aviary,I 07,Caique,No Ring,,Proven,
Conure,Lory Aviary,I 08,Crimson Bellied conure,FAESAL 547,,Non proven,
Conure,Lory Aviary,I 08,Crimson Bellied conure,376,,Non proven,
Conure,Lory Aviary,I 09,Blue throated Conure,No ring,NA,Proven,
Conure,Lory Aviary,I 09,Blue throated Conure,No ring,NA,Proven,
Conure,Lory Aviary,I 10,Crimson Bellied conure,RAGHU 001,,Non proven,
Conure,Lory Aviary,I 10,Crimson Bellied conure,RAJA 110,,Non proven,
Conure,Lory Aviary,I 11,Sun Conure,CKRE 1614,Female,Semi Adult,
Conure,Lory Aviary,I11,Sun Conure,CKRE 1596,Male,Semi Adult,
Conure,Lory Aviary,I 12,Crimson Bellied conure,Hoang .571,Female,Non proven,
Conure,Lory Aviary,I 12,Crimson Bellied conure,6 R.Fo248,Male,Non proven,
Conure,Lory Aviary,I 13,Sun and Jandaya,CKRE 1589,Male,Semi Adult,
Conure,Lory Aviary,I13,Sun and Jandaya,CKRE 1569,Female,Semi Adult,
Conure,Lory Aviary,I 14,Crimson Bellied conure,DVJ 001,,Non proven,
Conure,Lory Aviary,I 14,Crimson Bellied conure,DOONPET 132,,Non proven,
Conure,Lory Aviary,I 15,Sun Conure,CKRE 1624,Female,Semi Adult,
Conure,Lory Aviary,I 15,Sun Conure,CKRE 1552,Male,Semi Adult,
Conure,Lory Aviary,I 16,Crimson Bellied conure,GPWLWL0335515001,,Non proven,
Conure,Lory Aviary,I 16,Crimson Bellied conure,ATR 025,,Non proven,
Conure,Lory Aviary,I17,Sun Conure,CKRE 1627,Male,Semi Adult,
Conure,Lory Aviary,I 17,Sun Conure,CKRE 1325,Female,Semi Adult,
Conure,Lory Aviary,I 18,Crimson Bellied conure,ABML 55937010044,,Non proven,
Conure,Lory Aviary,I 18,Crimson Bellied conure,SIVA 523,,Non proven,
Conure,Lory Aviary,I 19,Sun Conure,CKRE 1630,Female,Semi Adult,
Conure,Lory Aviary,I 19,Sun Conure,CKRE 1525,Male,Semi Adult,
Conure,Lory Aviary,I 20,Crimson Bellied conure,GB 2569,Female,Non proven,
Conure,Lory Aviary,I 20,Crimson Bellied conure,GB 2585,Male,Non proven,
Conure,Lory Aviary,I 21,Sun Conure,CKRE 1644,Female,Semi Adult,
Conure,Lory Aviary,I 21,Sun Conure,CKRE 1527,Male,Semi Adult,
Conure,Lory Aviary,I 22,Crimson Bellied conure,FAISAL125,Female,Non proven,
Conure,Lory Aviary,I 22,Crimson Bellied conure,YM 132,Male,Non proven,
Conure,Lory Aviary,J01,Sun Conure,CKRE 1620,Female,Semi Adult,
Conure,Lory Aviary,J01,Sun Conure,CKRE 1629,Male,Semi Adult,
Lory,Lory Aviary,J02,Violet Nacked Lory,VPW 10,Female,Semi Adult,
Lory,Lory Aviary,J02,Violet Necked Lory,CKRD 503,Female,Semi Adult,
Conure,Lory Aviary,J03,Sun Conure,CKRE 1331,Female,Semi Adult,
Conure,Lory Aviary,J03,Sun Conure,CKRE 1274,Male,Semi Adult,
Conure,Lory Aviary,J04,Sun Conure,CKRE 1606,Female,Semi Adult,
Conure,Lory Aviary,J04,Sun Conure,CKRE 1317,Male,Semi Adult,
Conure,Lory Aviary,J05,Sun Conure,CKRE 1814,Female,Semi Adult,
Conure,Lory Aviary,J05,Sun Conure,CKRE 1333,Male,Semi Adult,
Conure,Lory Aviary,J06,Sun Conure,CKRE 1313,Female,Semi Adult,
Conure,Lory Aviary,J06,Sun Conure,CKRE 1343,Male,Semi Adult,
Conure,Lory Aviary,J07,Sun Conure,CKRE 1965,Male,Semi Adult,
Conure,Lory Aviary,J08,Sun Conure,CKRE 1973,Female,Semi Adult,
Conure,Lory Aviary,J08,Sun Conure,CKRE 1336,Male,Semi Adult,
Conure,Lory Aviary,J09,Sun Conure,CKRE 1102,Female,Semi Adult,
Conure,Lory Aviary,J09,Sun Conure,CKRE 1095,Male,Semi Adult,
Conure,Lory Aviary,J10,Sun Conure,CKRE 1097,Female,Semi Adult,
Conure,Lory Aviary,J10,Sun Conure,CKRE 1462,Male,Semi Adult,
Conure,Lory Aviary,J11,Sun Conure,CKRE 1083,Female,Semi Adult,
Conure,Lory Aviary,J11,Sun Conure,CKRE 1093,Male,Semi Adult,
Conure,Lory Aviary,J12,Sun Conure,CKRE 1724,Female,Semi Adult,
Conure,Lory Aviary,J12,Sun Conure,CKRE 1493,Male,Semi Adult,
Conure,Lory Aviary,J13,Sun Conure,CKRE 1727,Female,Semi Adult,
Conure,Lory Aviary,J13,Sun Conure,CKRE 1483,Male,Semi Adult,
Conure,Lory Aviary,J14,Sun Conure,CKRE 1140,Male,Semi Adult,
Conure,Lory Aviary,J14,Sun Conure,CKRE 1099,Female,Semi Adult,
Conure,Lory Aviary,J15,Sun Conure,CKRE 1306,Female,Semi Adult,
Conure,Lory Aviary,J15,Sun Conure,CKR E 1323,Male,Semi Adult,
Conure,Lory Aviary,J16,Sun Conure,CKRE 1500,Female,Semi Adult,
Conure,Lory Aviary,J16,Sun Conure,CKRE 1492,Male,Semi Adult,
Conure,Lory Aviary,J17,Sun Conure,CKRE 1961,Male,Semi Adult,
Conure,Lory Aviary,J17,Sun Conure,CKRE 1726,Female,Semi Adult,
Conure,Lory Aviary,J18,Sun Conure,CKRE 1985,Male,Semi Adult,
Conure,Lory Aviary,J18,Sun Conure,CKRE 1485,Female,Semi Adult,
Conure,Lory Aviary,J19,Sun Conure,CKRE 1766,Male,Semi Adult,
Conure,Lory Aviary,J19,Sun Conure,CKRE 1787,Female,Semi Adult,
Conure,Lory Aviary,J20,Sun Conure,CKRE 1285,Male,Semi Adult,
Conure,Lory Aviary,J20,Sun Conure,CKRE 1780,Female,Semi Adult,
Conure,Lory Aviary,J21,Sun Conure,CKRE 1123,Male,Semi Adult,
Conure,Lory Aviary,J21,Sun Conure,CKRE 1987,Female,Semi Adult,
Conure,Lory Aviary,J22,Sun Conure,CKRE 1491,Male,Semi Adult,
Conure,Lory Aviary,J22,Sun Conure,CKRE 1112,Female,Semi Adult,
Conure,Lory Aviary,K01,Sun Conure,CKRE 1056,Male,Semi Adult,
Conure,Lory Aviary,K01,Sun Conure,CKRE 1126,Female,Semi Adult,
Conure,Lory Aviary,K02,Sun Conure,CKRE 1111,Male,Semi Adult,
Conure,Lory Aviary,K02,Sun Conure,CKRE 1089,Female,Semi Adult,
Conure,Lory Aviary,K03,Sun Conure,CKRE 1114,Male,Semi Adult,
Conure,Lory Aviary,K03,Sun Conure,CKRE 1711,Female,Semi Adult,
Conure,Lory Aviary,K04,Sun Conure,CKRE 1765,Male,Semi Adult,
Conure,Lory Aviary,K04,Sun Conure,CKRE 1998,Female,Semi Adult,
Conure,Lory Aviary,K05,Sun Conure,CKRE 1827,Male,Semi Adult,
Conure,Lory Aviary,K05,Sun Conure,CKRE 1307,Female,Semi Adult,
Conure,Lory Aviary,K06,Sun Conure,CKRE 1565,Male,Semi Adult,
Conure,Lory Aviary,K06,Sun Conure,CKRE 1837,Female,Semi Adult,
Conure,Lory Aviary,K07,Sun Conure,CKRE 1495,Male,Semi Adult,
Conure,Lory Aviary,K07,Sun Conure,CKRE 1118,Female,Semi Adult,
Conure,Lory Aviary,K08,Sun Conure,CKRE 1706,Male,Semi Adult,
Conure,Lory Aviary,K08,Sun Conure,CKRE 1139,Female,Semi Adult,
Conure,Lory Aviary,K09,Sun Conure,CKRE 1131,Male,Semi Adult,
Conure,Lory Aviary,K09,Sun Conure,CKRE 1251,Female,Semi Adult,
Conure,Lory Aviary,K10,Sun Conure,CKRE 2003,Male,Semi Adult,
Conure,Lory Aviary,K10,Sun Conure,CKRE 2027,Female,Semi Adult,
Conure,Lory Aviary,K11,Sun Conure,CKRE 1497,Male,Semi Adult,
Conure,Lory Aviary,K11,Sun Conure,CKRE 1461,Female,Semi Adult,
Conure,Lory Aviary,K12,Sun Conure,CKRE 1802,Male,Semi Adult,
Conure,Lory Aviary,K12,Sun Conure,CKRE 1993,Female,Semi Adult,
Conure,Lory Aviary,K13,Sun Conure,CKRE 1767,Male,Semi Adult,
Conure,Lory Aviary,K13,Sun Conure,CKRE 2004,Female,Semi Adult,
Conure,Lory Aviary,K14,Sun Conure,CKRE 1755,Male,Semi Adult,
Conure,Lory Aviary,K14,Sun Conure,CKRE 1756,Female,Semi Adult,
Conure,Lory Aviary,K15,Sun Conure,CKRE 1478,Male,Semi Adult,
Conure,Lory Aviary,K15,Sun Conure,CKRE 1335,Female,Semi Adult,
Conure,Lory Aviary,K16,Sun Conure,CKRE 1994,Male,Semi Adult,
Conure,Lory Aviary,K16,Sun Conure,CKRE 1348,Female,Semi Adult,
Conure,Lory Aviary,K17,Sun Conure,CKRE 2000,Male,Semi Adult,
Conure,Lory Aviary,K17,Sun Conure,CKRE 1789,Female,Semi Adult,
Conure,Lory Aviary,K18,Sun Conure,CKRE 1476,Male,Semi Adult,
Conure,Lory Aviary,K18,Sun Conure,CKRE 1730,Female,Semi Adult,
Conure,Lory Aviary,K19,Sun Conure,CKRE 1533,Male,Semi Adult,
Conure,Lory Aviary,K19,Sun Conure,CKRE 1646,Female,Semi Adult,
Conure,Lory Aviary,K20,Sun Conure,CKRE 1465,Male,Semi Adult,
Conure,Lory Aviary,K20,Janday Conure,CKRE 1796,Female,Semi Adult,
Conure,Lory Aviary,K21,Sun Conure,CKRE 1760,Male,Semi Adult,
Conure,Lory Aviary,K21,Sun Conure,CKRE 1278,Female,Semi Adult,
Conure,Lory Aviary,K22,Sun Conure,CKRE 1764,Male,Semi Adult,
Conure,Lory Aviary,K22,Sun Conure,CKRE 1701,Female,Semi Adult,
Conure,Macaw Aviary,M02,Sun Conure,CKRE 1062,Female,Semi Adult,
Conure,Macaw Aviary,M02,Sun Conure,CKRE 1648,Male,Semi Adult,
Conure,Macaw Aviary,M02,Sun Conure,CKRF 724,Male,Semi Adult,
Conure,Macaw Aviary,M02,Sun and Jandaya,CKRF 880,Male,Semi Adult,
Conure,Macaw Aviary,M02,Sun Conure,CKRE 1293,Male,Semi Adult,
Conure,Macaw Aviary,M02,Sun Conure,CKRF 725,Female,Semi Adult,
Conure,Macaw Aviary,M02,Sun Conure,CKRF 811,Male,Semi Adult,
Conure,Macaw Aviary,M02,Sun Conure,CKRF 722,Male,Semi Adult,
Conure,Macaw Aviary,M02,Sun Conure,CKRE 1340,Female,Semi Adult,
Conure,Macaw Aviary,M02,Sun Conure,CKRF839,Female,Semi Adult,
Conure,Macaw Aviary,M03,Sun Conure,CKRF888,Female,Semi Adult,
Conure,Macaw Aviary,M03,Sun Conure,CKRF840,Female,Semi Adult,
Conure,Macaw Aviary,M03,Sun and Jandaya,No ring,NA,Semi Adult,
Conure,Macaw Aviary,M03,Sun Conure,CKRE 2002,Male,Semi Adult,
Conure,Macaw Aviary,M03,Sun Conure,CKRF872,Female,Semi Adult,
Conure,Macaw Aviary,M03,Sun Conure,CKRF831,Female,Semi Adult,
Conure,Macaw Aviary,M03,Sun Conure,CKRF881,Male,Semi Adult,
Conure,Macaw Aviary,M03,Sun and Jandaya,CKRF 717,Female,Semi Adult,
Conure,Macaw Aviary,M03,Sun Conure,CKRF836,Female,Semi Adult,
Conure,Macaw Aviary,M03,Sun Conure,CKRF841,Female,Semi Adult,
Conure,Macaw Aviary,M04,Sun Conure,CKRF887,Female,Semi Adult,
Conure,Macaw Aviary,M04,Sun Conure,CKRE 1535,Female,Semi Adult,
Conure,Macaw Aviary,M04,Sun Conure,CKRF882,Female,Semi Adult,
Conure,Macaw Aviary,M04,Sun Conure,CKRF 877,Male,Semi Adult,
Conure,Macaw Aviary,M04,Sun Conure,CKR F 712,NA,Semi Adult,
Conure,Macaw Aviary,M04,Sun Conure,CKRF 862,Male,Semi Adult,
Conure,Macaw Aviary,M04,Sun Conure,CKRF 827,Male,Semi Adult,
Conure,Macaw Aviary,M04,Sun Conure,CKRF 151,Male,Semi Adult,
Conure,Macaw Aviary,M04,Sun Conure,CKRF 878,Male,Semi Adult,
Conure,Macaw Aviary,M04,Sun and Jandaya,CKRF838,Male,Semi Adult,
Conure,Macaw Aviary,M05,Sun Conure,CKRF 826,Female,Semi Adult,
Conure,Macaw Aviary,M05,Sun Conure,CKRF 834,Male,Semi Adult,
Conure,Macaw Aviary,M05,Sun Conure,CKRF 858,Male,Semi Adult,
Conure,Macaw Aviary,M05,Sun Conure,CKRF 854,Female,Semi Adult,
Conure,Macaw Aviary,M05,Sun Conure,CKRF 701,Male,Semi Adult,
Conure,Macaw Aviary,M05,Sun Conure,CKRF 748,Male,Semi Adult,
Conure,Macaw Aviary,M05,Sun Conure,CKRF 185,Female,Semi Adult,
Conure,Macaw Aviary,M05,Sun Conure,CKRF 921,Male,Semi Adult,
Conure,Macaw Aviary,M05,Sun Conure,CKRF 707,Male,Semi Adult,
Conure,Macaw Aviary,M05,Sun Conure,CKRF 946,Male,Semi Adult,
Conure,Macaw Aviary,M06,Sun Conure,CKRF 857,Female,Semi Adult,
Conure,Macaw Aviary,M06,Sun Conure,CKRF829,Male,Semi Adult,
Conure,Macaw Aviary,M06,Sun Conure,CKRF 705,Female,Semi Adult,
Conure,Macaw Aviary,M06,Sun Conure,CKRF 710,Male,Semi Adult,
Conure,Macaw Aviary,M06,Sun Conure,CKRF 855,Female,Semi Adult,
Conure,Macaw Aviary,M06,Sun Conure,CKRF 925,Male,Semi Adult,
Conure,Macaw Aviary,M06,Sun Conure,CKRF 711,Male,Semi Adult,
Conure,Macaw Aviary,M06,Sun Conure,CKRF 706,Male,Semi Adult,
Conure,Macaw Aviary,M06,Sun Conure,CKRF 716,Male,Semi Adult,
Conure,Macaw Aviary,M06,Sun Conure,CKRF 703,Male,Semi Adult,
Conure,Macaw Aviary,M07,Sun Conure,CKRF 924,Female,Semi Adult,
Conure,Macaw Aviary,M07,Sun Conure,CKRE 1328,Male,Semi Adult,
Conure,Macaw Aviary,M07,Sun Conure,CKRF 772,Male,Semi Adult,
Conure,Macaw Aviary,M07,Sun Conure,CKRF 718,Male,Semi Adult,
Conure,Macaw Aviary,M07,Sun Conure,CKRF844,Female,Semi Adult,
Conure,Macaw Aviary,M07,Sun Conure,CKRF837,Male,Semi Adult,
Conure,Macaw Aviary,M07,Sun Conure,CKRF 775,Female,Semi Adult,
Conure,Macaw Aviary,M07,Sun Conure,CKRF 861,Male,Semi Adult,
Conure,Macaw Aviary,M07,Sun Conure,CKRF 747,Male,Semi Adult,
Conure,Macaw Aviary,M07,Janday Conure,CKRF866,Male,Semi Adult,
Conure,Macaw Aviary,M08,Sun Conure,CKRF 920,Male,Semi Adult,
Conure,Macaw Aviary,M08,Sun Conure,CKRF 914,Female,Semi Adult,
Conure,Macaw Aviary,M08,Sun Conure,CKRF 944,Male,Semi Adult,
Conure,Macaw Aviary,M08,Sun Conure,CKRF 800,Female,Semi Adult,
Conure,Macaw Aviary,M08,Sun Conure,CKRF 999,Male,Semi Adult,
Conure,Macaw Aviary,M08,Sun Conure,CKRF 871,Male,Semi Adult,
Conure,Macaw Aviary,M08,Sun Conure,CKRF 945,Male,Semi Adult,
Conure,Macaw Aviary,M08,Sun Conure,CKRF 843,Female,Semi Adult,
Conure,Macaw Aviary,M08,Sun Conure,CKRF886,Male,Semi Adult,
Conure,Macaw Aviary,M08,Sun Conure,CKRF 830,Male,Semi Adult,
Conure,Macaw Aviary,M09,Sun Conure,CKRF 948,Male,Semi Adult,
Conure,Macaw Aviary,M09,Sun Conure,CKRF 997,Male,Semi Adult,
Conure,Macaw Aviary,M09,Sun Conure,CKRF 869,Male,Semi Adult,
Conure,Macaw Aviary,M09,Sun Conure,CKRF 771,Male,Semi Adult,
Conure,Macaw Aviary,M09,Sun Conure,CKRF833,Male,Semi Adult,
Conure,Macaw Aviary,M09,Sun Conure,CKRF 873,Female,Semi Adult,
Conure,Macaw Aviary,M09,Sun Conure,CKRF 892,Female,Semi Adult,
Conure,Macaw Aviary,M09,Sun Conure,CKRF 695,Female,Semi Adult,
Conure,Macaw Aviary,M09,Sun Conure,CKRF 958,Male,Semi Adult,
Conure,Macaw Aviary,M09,Sun Conure,CKRF 962,Male,Semi Adult,
Conure,Macaw Aviary,M10,Sun Conure,CKRF 961,Female,Semi Adult,
Conure,Macaw Aviary,M10,Sun Conure,CKRF 1000,Female,Semi Adult,
Conure,Macaw Aviary,M10,Sun Conure,CKRF 967,Male,Semi Adult,
Conure,Macaw Aviary,M10,Sun Conure,CKRF 700,Female,Semi Adult,
Conure,Macaw Aviary,M10,Sun Conure,CKRF 960,Female,Semi Adult,
Conure,Macaw Aviary,M10,Sun Conure,CKRF 694,Male,Semi Adult,
Conure,Macaw Aviary,M10,Sun Conure,CKRF 693,Female,Semi Adult,
Conure,Macaw Aviary,M10,Sun Conure,CKRF 919,Male,Semi Adult,
Conure,Macaw Aviary,M10,Sun Conure,CKRF 699,Female,Semi Adult,
Conure,Macaw Aviary,M10,Sun Conure,CKRF 956,Male,Semi Adult,
Conure,Macaw Aviary,M11,Sun Conure,CKRF 931,Female,Semi Adult,
Conure,Macaw Aviary,M11,Sun Conure,CKRF 908,Male,Semi Adult,
Conure,Macaw Aviary,M11,Sun Conure,CKRF 930,Male,Semi Adult,
Conure,Macaw Aviary,M11,Sun Conure,CKRF 038,Male,Semi Adult,
Conure,Macaw Aviary,M11,Sun Conure,CKRF 935,Male,Semi Adult,
Conure,Macaw Aviary,M11,Janday Conure,CKRF 934,Male,Semi Adult,
Conure,Macaw Aviary,M11,Sun Conure,CKRF 987,Female,Semi Adult,
Conure,Macaw Aviary,M11,Sun Conure,CKRF 926,Male,Semi Adult,
Conure,Macaw Aviary,M11,Sun Conure,CKRF 688,Male,Semi Adult,
Conure,Macaw Aviary,M11,Sun Conure,CKRF 972,Male,Semi Adult,
Monk,Macaw Aviary,M12,Monk(Blue),GB 225,Male,Semi Adult,
Monk,Macaw Aviary,M12,Monk(Blue),RS 13 P 89,Female,Semi Adult,
Monk,Macaw Aviary,M12,Monk(Lutino),147794,Male,Semi Adult,
Monk,Macaw Aviary,M12,Monk(Lutino),CZ 1425,Female,Semi Adult,
Monk,Macaw Aviary,M12,Monk(Lutino),CKR C 289,Female,Semi Adult,
Monk,Macaw Aviary,M12,Monk(Blue),LP 01 E 96013,Male,Semi Adult,
Monk,Macaw Aviary,M12,Monk(Blue),CKR C 250,Female,Semi Adult,
Monk,Macaw Aviary,M12,Monk(Blue),VV 03 E 85,Male,Semi Adult,
Monk,Macaw Aviary,M12,Monk(Blue),GB 227,Male,Semi Adult,
Monk,Macaw Aviary,M12,Monk(Blue),EK 02 06 E 130 10,Male,Semi Adult,
Monk,Macaw Aviary,M12,Monk(Dilute Blue),CKR B 28,Male,Semi Adult,
Monk,Macaw Aviary,M12,Monk(Blue Cinnamon) ,SBW QUP 002,Female,Semi Adult,
Monk,Macaw Aviary,M12,Monk(Green),JV 11 F 147,Female,Semi Adult,
Monk,Macaw Aviary,M12,Monk(Green),AS 12 E 407,Male,Semi Adult,
Monk,Macaw Aviary,M12,Monk(Green),AS 12 E 48314,Male,Semi Adult,
Monk,Macaw Aviary,M12,Monk(Green),AS 12 E 48814,Female,Semi Adult,
Monk,Macaw Aviary,M12,Monk(Green),AS 12 E 48714,Female,Semi Adult,
Monk,Macaw Aviary,M12,Monk(Green),JV 11 F 116,Male,Semi Adult,
Monk,Macaw Aviary,M12,Monk(Blue),CKR C 260,Female,Semi Adult,
Monk,Macaw Aviary,M12,Monk(Blue),CKR A 392/CKR A 394,Male,Semi Adult,
Conure,Macaw Aviary,M13,Sun Conure,CKRE 2070,,Semi Adult,
Conure,Macaw Aviary,M13,Sun Conure,CKRF 004,Male,Semi Adult,
Conure,Macaw Aviary,M13,Sun Conure,CKRF 006,Female,Semi Adult,
Conure,Macaw Aviary,M13,Sun Conure,CKRF 983,Female,Semi Adult,
Conure,Macaw Aviary,M13,Janday Conure,CKRF 036,Male,Semi Adult,
Conure,Macaw Aviary,M13,Janday Conure,CKRF 968,Male,Semi Adult,
Conure,Macaw Aviary,M13,Janday Conure,CKRF 907,Female,Semi Adult,
Conure,Macaw Aviary,M13,Sun Conure,CKRF 001,Female,Semi Adult,
Conure,Macaw Aviary,M13,Sun and Jandaya,CKRE 1486,Female,Semi Adult,
Conure,Macaw Aviary,M13,Sun Conure,CKRF 083,Male,Semi Adult,
Conure,Macaw Aviary,M16,Sun Conure,CKRF 689,Male,Semi Adult,
Conure,Macaw Aviary,M16,Sun and Jandaya,CKRF 139,Female,Semi Adult,
Conure,Macaw Aviary,M16,Janday Conure,CKRF 696,Female,Semi Adult,
Conure,Macaw Aviary,M16,Sun Conure,CKRF 003,Male,Semi Adult,
Conure,Macaw Aviary,M16,Sun Conure,CKRF 021,Male,Semi Adult,
Conure,Macaw Aviary,M16,Sun Conure,CKRF 082,Female,Semi Adult,
Conure,Macaw Aviary,M16,Sun Conure,CKRF 901,Male,Semi Adult,
Conure,Macaw Aviary,M16,Sun Conure,CKRF 953,Female,Semi Adult,
Conure,Macaw Aviary,M16,Sun Conure,CKRF 007,Female,Semi Adult,
Conure,Macaw Aviary,M16,Sun Conure,CKRF 697,Male,Semi Adult,
Conure,Macaw Aviary,M17,Sun Conure,CKRF 087,Male,Semi Adult,
Conure,Macaw Aviary,M17,Sun Conure,CKRF 685,Female,Semi Adult,
Conure,Macaw Aviary,M17,Sun Conure,CKRF 802,Female,Semi Adult,
Conure,Macaw Aviary,M17,Sun Conure,CKRF 804,Male,Semi Adult,
Conure,Macaw Aviary,M17,Sun Conure,CKRF 824,Female,Semi Adult,
Conure,Macaw Aviary,M17,Sun Conure,CKRF 849,Male,Semi Adult,
Conure,Macaw Aviary,M17,Sun Conure,CKRF 848,Male,Semi Adult,
Conure,Macaw Aviary,M17,Sun Conure,CKRF 885,Male,Semi Adult,
Conure,Macaw Aviary,M17,Sun Conure,CKRF 807,Female,Semi Adult,
Conure,Macaw Aviary,M17,Sun Conure,CKRF 805,Male,Semi Adult,
Conure,Macaw Aviary,M18,Sun Conure,CKRF 714,Female,Semi Adult,
Conure,Macaw Aviary,M18,Sun Conure,CKRF 816,Female,Semi Adult,
Conure,Macaw Aviary,M18,Sun Conure,CKRF 896,Male,Semi Adult,
Conure,Macaw Aviary,M18,Sun Conure,CKRF 171,Female,Semi Adult,
Conure,Macaw Aviary,M18,Sun Conure,CKRF 147,Male,Semi Adult,
Conure,Macaw Aviary,M18,Sun Conure,CKRF 188,Male,Semi Adult,
Conure,Macaw Aviary,M18,Sun Conure,CKRF 850,Male,Semi Adult,
Conure,Macaw Aviary,M18,Sun Conure,CKRF 822,Female,Semi Adult,
Conure,Macaw Aviary,M18,Sun Conure,CKRF 159,Male,Semi Adult,
Conure,Macaw Aviary,M18,Sun Conure,CKRF 897,Female,Semi Adult,
Conure,Macaw Aviary,M19,Sun Conure,CKRF 715,Female,Semi Adult,
Conure,Macaw Aviary,M19,Sun Conure,CKRF 890,Female,Semi Adult,
Conure,Macaw Aviary,M19,Sun Conure,CKRF 803,Male,Semi Adult,
Conure,Macaw Aviary,M19,Sun Conure,CKRF 641,Female,Semi Adult,
Conure,Macaw Aviary,M19,Sun Conure,CKRF 640,Female,Semi Adult,
Conure,Macaw Aviary,M19,Sun Conure,CKRF 684,Female,Semi Adult,
Conure,Macaw Aviary,M19,Sun Conure,CKRE 1875,Female,Semi Adult,
Conure,Macaw Aviary,M19,Sun Conure,CKRE 1878,Male,Semi Adult,
Conure,Macaw Aviary,M19,Sun Conure,CKRE 1877,Male,Semi Adult,
Conure,Macaw Aviary,M19,Sun Conure,CKRF 674,Male,Semi Adult,
Conure,Macaw Aviary,M21,Sun Conure,CKRF 798,Female,Semi Adult,
Conure,Macaw Aviary,M21,Sun Conure,CKRF 708,Female,Semi Adult,
Conure,Macaw Aviary,M21,Sun Conure,CKRF 702,Female,Semi Adult,
Conure,Macaw Aviary,M21,Janday Conure,CKRF 618,Female,Semi Adult,
Conure,Macaw Aviary,M21,Sun Conure,CKRF 979,Male,Semi Adult,
Conure,Macaw Aviary,M21,Sun Conure,CKRF 911,Male,Semi Adult,
Conure,Macaw Aviary,M21,Sun Conure,CKRF 860,Female,Semi Adult,
Conure,Macaw Aviary,M21,Sun Conure,CKRF 713,Female,Semi Adult,
Conure,Macaw Aviary,M21,Sun Conure,CKRF 856,Male,Semi Adult,
Conure,Macaw Aviary,M21,Sun Conure,CKRF 746,Male,Semi Adult,
Conure,Macaw Aviary,M23,Sun Conure,GB 3172,Female,Semi Adult,
Conure,Macaw Aviary,M23,Sun Conure,CKR D 346,Female,Semi Adult,
Conure,Macaw Aviary,M23,Sun Conure,CKR D 151,Female,Semi Adult,
Conure,Macaw Aviary,M23,Sun Conure,GB 2866,Male,Semi Adult,
Conure,Macaw Aviary,M23,Sun Conure,CKR D 338,Female,Semi Adult,
Conure,Macaw Aviary,M23,Sun Conure,CKR D 258,Male,Semi Adult,
Conure,Macaw Aviary,M23,Sun Conure,CKR D 1383,Male,Semi Adult,
Conure,Macaw Aviary,M24,Sun Conure,CKRF 922,Male,Semi Adult,
Conure,Macaw Aviary,M24,Sun Conure,CKRF 709,Female,Semi Adult,
Conure,Macaw Aviary,M24,Sun Conure,CKRF 923,Female,Semi Adult,
Conure,Macaw Aviary,M24,Sun Conure,CKRF 899,Female,Semi Adult,
Conure,Macaw Aviary,M24,Sun Conure,CKRF 057,Male,Semi Adult,
Conure,Macaw Aviary,M24,Sun Conure,CKRF 056,Male,Semi Adult,
Conure,Macaw Aviary,M24,Sun Conure,CKRF 058,Male,Semi Adult,
Conure,Macaw Aviary,M24,Sun Conure,CKRF 676,Female,Semi Adult,
Conure,Macaw Aviary,M24,Sun Conure,CKRE 1876,Male,Semi Adult,
Conure,Macaw Aviary,M24,Sun Conure,CKRF 938,Female,Semi Adult,
Conure,Macaw Aviary,M25,Crimson Bellied conure,MONI .140,,Semi Adult,
Conure,Macaw Aviary,M25,Crimson Bellied conure,No Ring,,Semi Adult,
Conure,Macaw Aviary,M25,Crimson Bellied conure,GB 2511,Male,Semi Adult,
Conure,Macaw Aviary,M25,Sun Conure,GB 3054,Male,Proven,
Conure,Macaw Aviary,M25,Sun Conure,GB 3073,Male,Semi Adult,
Conure,Macaw Aviary,M26,Sun Conure,CKRF 891,Male,Semi Adult,
Conure,Macaw Aviary,M26,Sun Conure,CKRF 642,Male,Semi Adult,
Conure,Macaw Aviary,M26,Sun Conure,CKRF 055,Male,Semi Adult,
Conure,Macaw Aviary,M26,Sun Conure,CKRF 054,Female,Semi Adult,
Conure,Macaw Aviary,M26,Sun Conure,CKRF 951,Female,Semi Adult,
Conure,Macaw Aviary,M26,Sun Conure,CKRF 687,Female,Semi Adult,
Conure,Macaw Aviary,M26,Sun Conure,CKRF 683,Male,Semi Adult,
Conure,Macaw Aviary,M26,Sun Conure,CKRF 059,Male,Semi Adult,
Conure,Macaw Aviary,M26,Sun Conure,CKRF 061,Female,Semi Adult,
Conure,Macaw Aviary,M26,Sun Conure,CKRF 677,Female,Semi Adult,
Conure,Macaw Aviary,M26,Sun Conure,CKRF 678,Male,Semi Adult,
Conure,Macaw Aviary,Treatment,Sun Conure,CKRE 1531,Male,Semi Adult,
Conure,Macaw Aviary,Treatment,Sun Conure,CKRE 1318,Female,Semi Adult,
Conure,Macaw Aviary,Treatment,Sun Conure,GB ,Female,Semi Adult,
Lory,Macaw Aviary,Treatment,Swainson Lory,CKRE 2166,Male,Semi Adult,
Lory,Macaw Aviary,Treatment,Swainson Lory,CKRF 477,Male,Semi Adult,
Lory,Macaw Aviary,Treatment,Swainson Lory,CKRE 1576,Female,Semi Adult,
Lorykeet,Macaw Aviary,Treatment,Olive red collar lorikeet,1000,Male,Semi Adult,
Love Birds,School,S3,Violet Masked,CKRF 1220,Male,Proven,
Love Birds,School,S3,Violet Masked,CKRF 1218,Female,Proven,
Love Birds,School,S3,Lutino Peach,CKRF 1225,Male,Proven,
Love Birds,School,S3,Lotion Offline,CKRC 007,Female,Proven,
Love Birds,School,S4,Violet Masked,CKRF 1217,Male,Proven,
Love Birds,School,S4,Violet Masked,CKRA 341,Female,Proven,
Love Birds,School,S5,Violet Masked,CKRB 022,Female,Proven,
Love Birds,School,S5,Violet Masked,CKRF 1212,Male,Proven,
Love Birds,School,S6,Violet Masked,CKRF 1213,Female,Proven,
Love Birds,School,S6,Violet Masked,CKRC 024,Male,Proven,
Love Birds,School,S7,Violet Masked,CKRF 1227,Male,Semi Adult,
Love Birds,School,S7,Lutino Peach,CKRA 307,Male,Proven,
Love Birds,School,S7,Lutino Peach,CKRA 316,Female,Proven,
Love Birds,School,S8,Violet Masked,CKRC 008,Female,Proven,
Love Birds,School,S8,Violet Masked,CKRF 1180,Male,Proven,
Love Birds,School,S8,Lutino Peach,CKRC 019,Female,Proven,
Love Birds,School,S8,Lutino Peach,CKRA 311,Male,Proven,
Love Birds,School,S9,Violet Masked,CKRF 1211,Male,Proven,
Love Birds,School,S9,Violet Masked,CKRC 013,Female,Proven,
Love Birds,School,S9,Lutino Peach,CKRC 021,Male,Proven,
Love Birds,School,S9,Lutino Peach,CKRA 342,Female,Proven,
Love Birds,School,S10,Violet Masked,CKRF 1214,Male,Proven,
Love Birds,School,S10,Violet Masked,CKRF 1226,Female,Proven,
Love Birds,School,S10,Lutino Peach,CKRA 305,Male,Proven,
Love Birds,School,S10,Lutino Peach,CKRC 014,Female,Proven,
Love Birds,School,S11,Violet Masked,CKRC 006,Female,Proven,
Love Birds,School,S11,Violet Masked,CKRF 1224,Male,Proven,
Love Birds,School,S11,Lutino Peach,CKRA 336,Female,Proven,
Love Birds,School,S11,Lutino Peach,CKRA 333,Male,Proven,
Love Birds,School,S12,Violet Masked,CKRF 1221,Female,Proven,
Love Birds,School,S12,Violet Masked,CKRC 017,Male,Proven,
Love Birds,School,S12,Lutino Peach,CKRC 022,Female,Proven,
Love Birds,School,S12,Lutino Peach,CKRC 010,Male,Proven,
Love Birds,School,S13,Violet Masked,CKRF 1216,Male,Proven,
Love Birds,School,S13,Violet Masked,CKRC 002,Female,Proven,
Love Birds,School,S13,Lutino Peach,CKRC018,Male,Proven,
Love Birds,School,S13,Lutino Peach,CKRA 310,Female,Proven,
Love Birds,School,S14,Lutino Peach,CKRA 313,Male,Proven,
Love Birds,School,S14,Lutino Peach,CKRD 1890,Female,Proven,
Love Birds,School,S14,Violet Masked,CKRD 023,Male,Semi Adult,
Love Birds,School,S15,Violet Masked,CKRF 1222,Female,Proven,
Love Birds,School,S15,Violet Masked,CKRC 011,Male,Proven,
Love Birds,School,S15,Lutino Peach,CKRC 092,Female,Proven,
Love Birds,School,S15,Lutino Peach,CKRC 016,Male,Proven,
Love Birds,School,S16,Violet Masked,CKRC 001,Male,Proven,
Love Birds,School,S16,Violet Masked,CKRB 017,Female,Proven,
Love Birds,School,S19,Lutino Peach,CKRA 092,,Proven,
Love Birds,School,S19,Lutino Peach,CKRC 005,Male,Proven,
Love Birds,School,S20,Lotion Offline,CKRC 025,Female,Semi Adult,
Love Birds,School,S20,Lotion Offline,CKRA 315,Female,Semi Adult,
Love Birds,School,S19,Violet Masked,CKRB 023,Male,Proven,
Love Birds,School,S19,Violet Masked,CKRF 1219,Female,Proven,
Love Birds,School,S18,Violet Masked,CKRA 012,NA,Semi Adult,
Love Birds,School,S17,Violet Masked,CKRA 309,Female,Semi Adult,
Love Birds,School,S17,Violet Masked,CKRC 004,Female,Semi Adult,
Love Birds,School,,Violet Masked,CKRC 003,,Semi Adult,
Love Birds,School,,Violet Masked,CKRC 020,,Semi Adult,
Love Birds,School,S21,Violet Masked,CKRC 015,NA,Semi Adult,
Love Birds,School,Travel Cage 1,Lutino Peach,ACE IND 011,,Semi Adult,
Love Birds,School,Travel Cage 2,Lutino Peach,ACE IND 012,,Semi Adult,
Love Birds,School,Travel Cage 2,Lutino Peach,ACE IND 008,,Semi Adult,
Love Birds,School,Travel Cage 2,Lutino Peach,ACE IND 002,,Semi Adult,
Love Birds,School,Travel Cage 3,Violet Masked,ACE IND 022,,Semi Adult,
Love Birds,School,Travel Cage 4,Lutino Peach,ACE IND 006,,Semi Adult,
Love Birds,School,Travel Cage 4,Lutino Peach,ACE IND 014,,Semi Adult,
Love Birds,School,Travel Cage 4,Lutino Peach,ACE IND 016,,Semi Adult,
Love Birds,School,Travel Cage 4,Lutino Peach,ACE IND 020,,Semi Adult,
Love Birds,School,Travel Cage 5,Lutino Peach,ACE IND 001,,Semi Adult,
Parrot,Aruvi,A01,Timney Grey Parrot,GF 0 487,,Proven,
Parrot,Aruvi,A01,Timney Grey Parrot,GF 0 485,,Proven,
Parrot,Aruvi,A02,Timney Grey Parrot,CKR. 13,Female,Proven,
Parrot,Aruvi,A02,Timney Grey Parrot,13,Male,Proven,
Parrot,Aruvi,A03,Gray parrots,SV 0019,Male,Proven,
Parrot,Aruvi,A03,Gray parrots,VPW 287,Female,Proven,
Parrot,Aruvi,A04,Gray parrots,SG 279,Female,Non proven,
Parrot,Aruvi,A04,Gray parrots,SG 270,Male,Non proven,
Parrot,Aruvi,A05,Gray parrots,SG263,Female,proven,
Parrot,Aruvi,A05,Gray parrots,SG 273,Male,proven,
Parrot,Aruvi,A06,Gray parrots,SG 282,Female,proven,
Parrot,Aruvi,A06,Gray parrots,SG 382,Male,proven,
Parrot,Aruvi,A07,Gray parrots,SG 255,Male,Non proven,
Parrot,Aruvi,A07,Gray parrots,SG 288,Female,Non proven,
Parrot,Aruvi,A08,Gray parrots,VPW220,Female,proven,
Parrot,Aruvi,A08,Gray parrots,SG 384,Male,proven,
Parrot,Aruvi,A09,Gray parrots,SV 0010,Female,Proven,
Parrot,Aruvi,A09,Gray parrots,CKR 0001C,Male,Proven,
Parrot,Aruvi,A10,Gray parrots,VPW 274,Female,Proven,
Parrot,Aruvi,A10,Gray parrots,VPW 288,Male,Proven,
Parrot,Aruvi,A11,Gray parrots,CKR 0038,Female,Proven,
Parrot,Aruvi,A11,Gray parrots,JFS 46,Male,Proven,
Parrot,Aruvi,A12,Gray parrots,CKR 0011,Male,Proven,
Parrot,Aruvi,A12,Gray parrots,VPW 293,Female,Proven,
Cockatoo,Aruvi,A17,Galah Cockatoo,JOC 8512,Female,Proven,
Cockatoo,Aruvi,A17,Major Mitchell's Cockatoo,CKR 0042,Male,Proven,
Cockatoo,Aruvi,A18,Galah Cockatoo,253T30906004,Male,Proven,
Cockatoo,Aruvi,A18,Galah Cockatoo,CR06K11,Female,Proven,
Amazon,Aruvi,A19,Cuban Amazon,AG1023,Female,Proven,
Amazon,Aruvi,A19,Cuban Amazon,BNA AZ 403436901195D,Male,Proven,
Amazon,Aruvi,A20,Red Lored Amazon,14AV,Female,Non proven,
Amazon,Aruvi,A20,Red Lored Amazon,16RBE33,Male,Non proven,
Amazon,Aruvi,A21,Double Yellow Headed Amazon,GFCL298,,Proven,
Amazon,Aruvi,A21,Double Yellow Headed Amazon,GFCL291,,Proven,
Amazon,Aruvi,A22,Red Lored Amazon,036B1,Male,Non proven,
Amazon,Aruvi,A22,Red Lored Amazon,170PV12,Female,Non proven,
Amazon,Aruvi,A23,Blue Fronted Amazon,10WA15,Male,Non proven,
Amazon,Aruvi,A23,Blue Fronted Amazon,LDFC 853/016,Female,Non proven,
Amazon,Aruvi,A24,Blue fronted amazon,Pavw199,female,Proven,
Amazon,Aruvi,A24,Blue fronted amazon,10WA17,Male,Proven,
Parrot,Aruvi,A25,Jardin,GSH 03,Female,Proven,
Parrot,Aruvi,A25,Jardin,101,Male,Proven,
Cockatoo,Garden,A01,Triton Cockatoo,Gfc069,,Adult,
Conure,Garden,A03,Golden Conure,LHF 331,Female,Proven,
Lorikeet,Garden,A06,Green Napped Lorikeet,YUV 295,Male,Proven,
Lorikeet,Garden,B01,Red Collared Lorikeet,11-124,Male,Proven,
Lorikeet,Garden,B02,Olive swainson lorikeet,CKR B 205,Female,Proven,
Conure,Garden,B18,Sun Conure,CKRE 1811,,Semi Adult,
Conure,Garden,B18,Sun Conure,CKRF 102,,Semi Adult,
Conure,Garden,B18,Sun Conure,CKRF 142,,Semi Adult,
Conure,Garden,B18,Sun Conure,CKRE 1645,,Semi Adult,
Conure,Garden,B19,Sun Conure,CKRF 117,,Semi Adult,
Conure,Garden,B19,Sun Conure,CKRE 1572,,Semi Adult,
Conure,Garden,B19,Sun Conure,CKRF 101,,Semi Adult,
Conure,Garden,B19,Sun Conure,CKRF 134,,Semi Adult,
Conure,Garden,B20,Sun Conure,CKRE 1286,,Semi Adult,
Conure,Garden,B20,Sun Conure,CKRF 156,,Semi Adult,
Conure,Garden,B20,Sun Conure,CKRF 817,,Semi Adult,
Conure,Garden,B20,Sun Conure,CKRF 176,,Semi Adult,
Conure,Garden,B21,Sun Conure,CKRF 141,,Semi Adult,
Conure,Garden,B21,Sun Conure,CKRE 1571,,Semi Adult,
Conure,Garden,B21,Sun Conure,CKRE 1342,,Semi Adult,
Conure,Garden,B21,Sun Conure,CKRE 1330,,Semi Adult,
Lorikeet,Garden,C03,RED COLLER LORIKEET,CKRF386,,Semi Adult,
Lorikeet,Garden,C03,RED COLLER LORIKEET,CKRE1224,,Semi Adult,
Lorikeet,Garden,C04,RED COLLER LORIKEET,CKRD059,,Semi Adult,
Lory,Garden,C04,SWAINSON LORIKEET,CKRD674,,Semi Adult,
Lory,Garden,C06,RED LORY,CKRD626,,Semi Adult,
Lorikeet,Garden,C07,BLACK CAPPED LORY,CKRD1627,,Semi Adult,
Lorikeet,Garden,C07,BLACK CAPPED LORY,CKRD1591,,Semi Adult,
Lorikeet,Garden,C08,BLACK CAPPED LORY,CKRD693,,Semi Adult,
Lory,Garden,C09,YELLOW BIBBED LORY,CKRD1619,,Semi Adult,
Lory,Garden,C10,RED LORY,CKRD1605,,Semi Adult,
Lory,Garden,C10,RED LORY,CKRD1607,,Semi Adult,
Lorikeet,Garden,C11,RED LORY,CKRD1548,,Semi Adult,
Lorikeet,Garden,C12,RED LORY,CKRE1591,,Semi Adult,
Lorikeet,Garden,C12,RED LORY,CKRE1978,,Semi Adult,
Lory,Garden,C13,RED LORY,CKRD625,,Semi Adult,
Lory,Garden,C13,RED LORY,CKRE1636,,Semi Adult,
Lory,Garden,C14,RED LORY,CKRD1527,,Semi Adult,
Lory,Garden,C15,RED LORY,CKRE1563,,Semi Adult,
Lorikeet,Garden,C16,OLIVE RED COLLER LORIKEET,BL055,,Semi Adult,
Lory,Garden,C16,OLIVE SWAINSON LORIKEET,CKRF428,,Semi Adult,
Lorikeet,Garden,C17,RED COLLER LORIKEET,CKRE1917,,Semi Adult,
Lorikeet,Garden,C17,RED COLLER LORIKEET,CKRE1272,,Semi Adult,
Lory,Garden,C18,SWAINSON LORIKEET,CKRD667,,Semi Adult,
Lory,Garden,C19,SWAINSON LORIKEET,CKRE1216,,Semi Adult,
Lory,Garden,C19,SWAINSON LORIKEET,CKRD1408,,Semi Adult,
Lorikeet,Garden,C20,CHATTERING LORY,CKRC400,,Semi Adult,
Lorikeet,Garden,C21,SWAINSON LORIKEET,CKRE1406,,Semi Adult,
Lory,Garden,C21,SWAINSON LORIKEET,CKRE1255,,Semi Adult,
Lorikeet,Garden,C22,OLIVE SWAINSON LORIKEET,CKRE1926,,Semi Adult,
Cockatoo,Guest house,G2,Mollucan Cockatoo,SSG-176,MALE,Semi Adult,
Parrot,Guest house,G3,GRAY PARROT,P3 SG27,,Semi Adult,
Cockatoo,Sales ,,MAJOR MITCHAL GALAH COCKATOO,CKRD1764,,Semi Adult,
Cockatoo,Sales ,,MAJOR MITCHAL GALAH COCKATOO,CKRD1692,,Semi Adult,
Conure,Sales ,,Nansun conure,CKRB138&CKRB140,REPROCESS,Semi Adult,
Conure,Sales ,,Nansun Conure,CKRF 1043,Male,Semi Adult,
LORY,Sales ,,Red Lory ,CKRF537,Female,Semi Adult,
Parrot,Sales ,,Gray parrots,CKRD1819,,Semi Adult,
Monk,Sales ,,Blue Monk,CKRD 1927,,Semi Adult,
Monk,Sales ,,Blue Monk,CKRD 1929,,Semi Adult,
Conure,Sales ,,Sun Conure,CKRE 1081,,Semi Adult,
Conure,Sales ,,Nanday Conure,CKRD 619,Male,Semi Adult,
Conure,Sales ,,Nanday Conure,CKRD 618,,Semi Adult,
Conure,Sales ,,Sun Conure,CKR E 1615,NA,Semi Adult,
Conure,Sales ,,Nansun Conure,CKRF 1028,Male,Semi Adult,
Conure,Sales ,,Nansun Conure,CKRF 1033,Male,Semi Adult,
Conure,Sales ,,Nansun Conure,CKRF 1026,Male,Semi Adult,
Conure,Sales ,,Nansun Conure,CKRF 1050,Male,Semi Adult,
Conure,Sales ,,Sun Conure,GB 3187,Male,Semi Adult,
Conure,Sales ,,Sun Conure,CKR D 221,Male,Semi Adult,
Conure,Sales ,,Sun Conure,CKR D 407,Male,Semi Adult,
Conure,Sales ,,Sun Conure,CKR D 186,Male,Semi Adult,
Conure,Sales ,,Sun Conure,GB 3218,Male,Semi Adult,
Conure,Sales ,,Sun Conure,CKR C 329,Male,Semi Adult,
Conure,Sales ,,Sun Conure,GB 2962,Male,Semi Adult,
Conure,Sales ,,Sun Conure,GB 3067,Male,Semi Adult,
Conure,Sales ,,Sun Conure,GB 2869,Male,Semi Adult,
Conure,Sales ,,Nansun Conure,FC 94,NA,Semi Adult,
Conure,Sales ,,Sun Conure,GB 3199,Male,Semi Adult,
Conure,Sales ,,Sun Conure,CKR 059,Male,Semi Adult,
Conure,Sales ,,Sun Conure,CKRE 1804,Female,Semi Adult,
Conure,Sales ,,Janday Conure,SMC 060,NA,Semi Adult,
Conure,Sales ,,Sun Conure,GB 3184,Female,Semi Adult,
Pionus,Sales ,,White Headed pionus,458,,Semi Adult,
Parrot,Sales ,,Caique,CKRD 613,Male,Semi Adult,
Parrot,Sales ,,Caique,CKRE 1034,Female,Semi Adult,
Parrot,Sales ,,Caique,CKRD 621,Female,Semi Adult,
Pionus,Sales ,,White Headed pionus,CKRD 719 no ring,Female,Semi Adult,
Conure,Sales ,,Redmask Conure,CKRF 1023,Male,Semi Adult,
Conure,Sales ,,Redmask Conure,CKRF 1042,Male,Semi Adult,
Conure,Sales ,,Crimson Bellied conure,CKRD 1906,Female,Semi Adult,
Conure,Sales ,,Crimson bellied Conure,CKRE019,nA,Semi Adult,
Lorikeet,Sales ,,Green Napped Lorikeet,CKR 112,Male,Semi Adult,
Conure,Sales ,,Sun Conure,CKRF 773,Female,Semi Adult,
Lory,Sales ,,Swainson Lory,CKRE 1155,,Semi Adult,
Lory,Sales ,, Swainson  Lory,CKRE2075,na,Semi Adult,
Lory,Sales ,,Red collared lorry,CKRE2137,na,Semi Adult,
Lory,Sales ,,Red collared lorry,CKRE2138,na,Semi Adult,
Lory,Sales ,,Red collared lorry,CKRE2135,na,Semi Adult,
Lory,Sales ,,Red collared lorry,CKRE2131,na,Semi Adult,
Lory,Sales ,,Red collared lorry,CKRE2112,na,Semi Adult,
Lory,Sales ,,Red collared lorry,CKRE2108,nA,Semi Adult,
Lory,Sales ,,Red collared lorry,CKRE2077,nA,Semi Adult,
Conure,Sales ,,Nanday Conure,CKRD 639,Female,Semi Adult,
Conure,Sales ,,Nansun Conure,CKRF 1029,,Semi Adult,
Lorikeet,Sales ,,Red collared lorry,No ring,,Semi Adult,
Lorikeet,Sales ,,Red collared lorry,No ring,,Semi Adult,
Conure,Sales ,,Crimson Bellied conure,CKR E 020,,Semi Adult,
Conure,Sales ,,Sun Conure,CKR E 2146,,Semi Adult,
Conure,Sales ,,Sun Conure,CKR E 2132,,Semi Adult,
Conure,Sales ,,Sun Conure,CKR E 2148,,Semi Adult,
Cockatoo,Solai,S2,Triton Cockatoo,CKR A 069,Male,Proven,
Cockatoo,Solai,S3,Major Mitchell's Cockatoo,89PINZ14,Male,Semi Adult,
Cockatoo,Solai,S4,Mollucan Cockatoo,GF CL 618,Female,Semi Adult,
Cockatoo,Solai,S4,Mollucan Cockatoo,PAB W 031,Female,Proven,
Cockatoo,Solai,S4,Mollucan Cockatoo,SSG-194,MALE,Semi Adult,
Parrot,Solai,S5,GRAY PARROT,P2 1310,,Semi Adult,
Parrot,Solai,S5,Gray parrots,SV 002,Female,Semi Adult,
Parrot,Solai,S5,Gray parrots,CKR 0005,Female,Semi Adult,
Cockatoo,Solai,S6,Major Mitchell's Cockatoo,93PINZ14,Male,Proven,
Macaw,Solai,S7,Blue and Gold Macaw,,,Semi Adult,
Cockatoo,Solai,S8,Medium Sulphur Cockatoo,CKR A 037,Male,Semi Adult,
Macaw,Solai,S09,Blue and Gold Macaw,CKR 0056,Male,Non proven,
Macaw,Solai,S09,Blue and Gold Macaw,JFS207,Female,Non proven,
Macaw,Solai,S10,GREEN WING MACAW,GF01,Male,Non proven,
Macaw,Solai,S10,GREEN WING MACAW,M01,Female,Non proven,
Macaw,Solai,S11,Blue and Gold Macaw,NB125NT2,Male,Non proven,
Macaw,Solai,S11,Blue and Gold Macaw,JFS218,Female,Non proven,
Macaw,Solai,S12,Blue and Gold Macaw,JFS221,Female,Non proven,
Macaw,Solai,S12,Blue and Gold Macaw,JP416,Male,Non proven,
Macaw,Solai,S14,Scarlet Macaw, LA 414,Female,Non proven,
Macaw,Solai,S14,Scarlet Macaw,LFC 3,Male,Non proven,
Macaw,Thenral,T01,GREEN WING MACAW,,,Proven,
Macaw,Thenral,T01,GREEN WING MACAW,,,Proven,
Macaw,Thenral,T02,Scarlet Macaw,No ring(GFO 039),Male,Non proven,
Macaw,Thenral,T02,Scarlet Macaw,13(VJ013),Female,Non proven,
Macaw,Thenral,T03,Scarlet Macaw,CY 435,Female,Proven,
Macaw,Thenral,T03,Scarlet Macaw,LH M 22,,Proven,
Macaw,Thenral,T04,Scarlet Macaw,FF A 401(EFA401),,Proven,
Macaw,Thenral,T04,Scarlet Macaw,019(SAT 8019),,Proven,
Macaw,Thenral,T05,Scarlet Macaw,OO32,Male,Proven,
Macaw,Thenral,T05,Scarlet Macaw,OO38,Female,Proven,
Macaw,Thenral,T06,Blue and Gold Macaw,22,Male,Proven,
Macaw,Thenral,T06,Blue and Gold Macaw,CKR 0083,Female,Proven,
Macaw,Thenral,T07,Blue and Gold Macaw,JP404,Female,Proven,
Macaw,Thenral,T07,Blue and Gold Macaw,JFS210,Male,Proven,
Macaw,Thenral,T08,Blue and Gold Macaw,CKR 24,Female,Proven,
Macaw,Thenral,T08,Blue and Gold Macaw,CKR 20,Male,Proven,
Macaw,Thenral,T09,Blue and Gold Macaw,,,Proven,
Macaw,Thenral,T09,Blue and Gold Macaw,,,Proven,
Macaw,Thenral,T10,Blue and Gold Macaw,JFS201,Male,Non proven,
Macaw,Thenral,T10,Blue and Gold Macaw,CKR 23,Female,Non proven,
Macaw,Thenral,T11,Blue and Gold Macaw,JFS208,Male,Proven,
Macaw,Thenral,T11,Blue and Gold Macaw,JFS223,Female,Proven,
Cockatoo,Vasantham,V09,Triton Cockatoo,CKR 26/28,Male,Non proven,
Cockatoo,Vasantham,V09,Triton Cockatoo,CKR A 019,Female,Non proven,
Cockatoo,Vasantham,V01,Mollucan Cockatoo,,Male,Proven,
Cockatoo,Vasantham,V01,Mollucan Cockatoo,PABW 052,Female,Proven,
Cockatoo,Vasantham,V02,Mollucan Cockatoo,PABW 001,Male,Proven,
Cockatoo,Vasantham,V02,Mollucan Cockatoo,PABW 036,Female,Proven,
Cockatoo,Vasantham,V03,Goffin Cockatoo,167,Male,Proven,
Cockatoo,Vasantham,V03,Goffin Cockatoo,175,Female,Proven,
Cockatoo,Vasantham,V04,Goffin Cockatoo,141,Male,Non proven,
Cockatoo,Vasantham,V04,Goffin Cockatoo,157,Female,Non proven,
Cockatoo,Vasantham,V05,Medium Sulphur Cockatoo,CKR 0002,Female,Proven,
Cockatoo,Vasantham,V05,Medium Sulphur Cockatoo,CKR 03,Male,Proven,
Cockatoo,Vasantham,V06,Triton Cockatoo,CKR A023,Female,Proven,
Cockatoo,Vasantham,V06,Triton Cockatoo,CKR A 044,Male,Proven,
Cockatoo,Vasantham,V07,Triton Cockatoo,No Ring,Male,Non proven,
Cockatoo,Vasantham,V07,Triton Cockatoo,CKR A 042,Female,Non proven,
Cockatoo,Vasantham,V08,Triton Cockatoo,CKR A 025,Female,Proven,
Cockatoo,Vasantham,V08,Triton Cockatoo,CKR A 013,Male,Proven,
Cockatoo,Vasantham,V10,Umbrella Cockatoo,CKR C 006,Male,Proven,
Cockatoo,Vasantham,V10,Umbrella Cockatoo,No Ring,Female,Proven,
Cockatoo,Vasantham,V11,Triton Cockatoo,CKR A 041,Female,Proven,
Cockatoo,Vasantham,V11,Triton Cockatoo,CKR A 020,Male,Proven,
Cockatoo,Vasantham,V12,Umbrella Cockatoo,CKR 10,Female,Proven,
Cockatoo,Vasantham,V12,Umbrella Cockatoo,No Ring,Male,Proven,
Cockatoo,Vasantham,V13,Umbrella Cockatoo,CKR 13,Female,Proven,
Cockatoo,Vasantham,V13,Umbrella Cockatoo,No Ring,Male,Proven,
Cockatoo,Vasantham,V14,Triton Cockatoo,CKR A 009,Male,Proven,
Cockatoo,Vasantham,V14,Triton Cockatoo,CKR A 022,Female,Proven,
Cockatoo,Vasantham,V15,Mollucan Cockatoo,PABW 053,Female,Proven,
Cockatoo,Vasantham,V15,Mollucan Cockatoo,CKR 0074,Male,Proven,
Cockatoo,Vasantham,V16,Medium Sulphur Cockatoo,CKR A 036,Female,Proven,
Cockatoo,Vasantham,V16,Medium Sulphur Cockatoo,CKR A 030,Male,Proven,
Cockatoo,Vasantham,V17,Medium Sulphur Cockatoo,CKR A 289,Female,Non proven,
Cockatoo,Vasantham,V17,Medium Sulphur Cockatoo,CKR C 444,Male,Non proven,
Cockatoo,Vasantham,V18,Medium Sulphur Cockatoo,CKR A 029,Female,Non proven,
Cockatoo,Vasantham,V18,Medium Sulphur Cockatoo,CKR A 035,Male,Non proven,
Cockatoo,Vasantham,V19,Mollucan Cockatoo,PABW 072,Male,Proven,
Cockatoo,Vasantham,V19,Mollucan Cockatoo,PABW 038,Female,Proven,
Cockatoo,Vasantham,V20,Triton Cockatoo,CKR A 045,Male,Non proven,
Cockatoo,Vasantham,V20,Triton Cockatoo,CKR A 012,Female,Non proven,
Cockatoo,Vasantham,V21,Umbrella Cockatoo,CKR 0003,Female,Proven,
Cockatoo,Vasantham,V21,Umbrella Cockatoo,No Ring,Male,Proven,
