Group Name,Aviary Name,Cage,Species Name,Male Parent Ring no,Female Parent Ring no,Egg no,Date of incubation,Egg type,Date of fertile,Remark,Pip Weight,Pip Date,Hatch Weight,Hatch Date,Shell weight,Hatch Type,Shell Thick,Dis type,Dis Date
Conure,Sun Conure,A5,Sun Conure,CKRC332,CKRD282,5737,04-01-2022,Fertile,11.01.2022,,7.69,,6,24-01-2022,,NORMAL,0.2,,
Conure,Sun Conure,A5,Sun Conure,CKRC332,CKRD282,5738,04-01-2022,Infertile,,,,,,,,,,,
Conure,Sun Conure,B7,Sun Conure,GB3096,CKRB131,5739,04-01-2022,Fertile,11.01.2022,,6.04,,4.88,27-01-2022,,NORMAL,0.2,,
Conure,Sun Conure,A8,Sun Conure,GB2915,GB2805,5740,04-01-2022,Fertile,11.01.2022,,7.64,,5.71,28-01-2022,,NORMAL,,,
Conure,Sun Conure,A9,Sun Conure,MVR504,CKR07,5741,04-01-2022,Infertile,,,,,,,,,,,
Conure,Sun Conure,B14,Sun Conure,GB2780,GB2698,5742,04-01-2022,Fertile,11.01.2022,,,,,,,,,MID,16-01-2022
Conure,Sun Conure,A16,Sun Conure,GB2855,GB3023,5743,04-01-2022,Fertile,11.01.2022,,6.62,,5.28,26-01-2022,,NORMAL,0.2,,
Conure,Sun Conure,A18,Sun Conure,GB3198,GB3174,5744,04-01-2022,Fertile,11.01.2022,,5.18,,3.73,26-01-2022,,NORMAL,0.1,,
Conure,Sun Conure,B18,Sun Conure,NAGU14,GB2767,5745,04-01-2022,Fertile,11.01.2022,,7,,4.87,29-01-2022,,NORMAL,0.2,,
Conure,Sun Conure,B20,Sun Conure,CKRB154,GB2815,5746,04-01-2022,Fertile,11.01.2022,,7.2,,5.21,27-01-2022,,NORMAL,,,
Conure,Sun Conure,B23,Sun Conure,GB2776,GB2735,5747,04-01-2022,Fertile,11.01.2022,,7.1,,5.6,24-01-2022,,NORMAL,0.2,,
Conure,Sun Conure,B23,Sun Conure,GB2776,GB2735,5748,04-01-2022,Fertile,11.01.2022,,6.72,,4.83,28-01-2022,,NORMAL,0.2,,
Conure,Sun Conure,B27,Sun Conure,CKRB184,GB2730,5749,04-01-2022,Fertile,11.01.2022,,6.06,,4.4,28-01-2022,,NORMAL,0.2,,
Conure,Sun Conure,A28,Sun Conure,GB3165,GB2996,5750,04-01-2022,Fertile,11.01.2022,,8.76,,5.94,24-01-2022,,NORMAL,0.2,,
Conure,Sun Conure,A28,Sun Conure,GB3165,GB2996,5751,04-01-2022,Fertile,11.01.2022,,8.53,,6.46,28-01-2022,,NORMAL,0.1,,
Conure,Sun Conure,B31,Sun Conure,CKR279,CKRA442,5752,04-01-2022,Fertile,11.01.2022,,7.33,,5.51,29-01-2022,,NORMAL,0.2,,
Conure,Sun Conure,B31,Sun Conure,CKR279,CKRA442,5753,04-01-2022,Fertile,11.01.2022,,7.18,,5.5,27-01-2022,,NORMAL,0.2,,
Conure,Sun Conure,B36,Sun Conure,GB2937,GB2939,5754,04-01-2022,Fertile,,,,,,,,,,EARLY,11.01.2022
Conure,Sun Conure,A40,Sun Conure,GB3189,VRS66,5755,04-01-2022,Infertile,,,,,,,,,,,
Conure,Sun Conure,A40,Sun Conure,GB3189,VRS66,5756,04-01-2022,Infertile,,,,,,,,,,,
Conure,Sun Conure,A42,Sun Conure,GB2649,GB2895,5757,04-01-2022,Fertile,11.01.2022,,,,,,,,,LATE,24-01-2022
Conure,Sun Conure,B42,Sun Conure,CKRD1381,CKRD320,5758,04-01-2022,Fertile,11.01.2022,,6.41,,5.25,25-01-2022,,NORMAL,0.2,,
Parrot,Sun Conure,A43,Caique,CKRB196,CKR30,5759,04-01-2022,Infertile,,,,,,,,,,,
Conure,Sun Conure,A45,Sun Conure,CKRD293,CKRC133,5760,04-01-2022,Fertile,11.01.2022,,6.62,,4.31,,,ASSIST,0.2,,
Conure,Sun Conure,A45,Sun Conure,CKRD293,CKRC133,5761,04-01-2022,Fertile,11.01.2022,,,,,,,,,LATE,28-01-2022
Conure,Sun Conure,A49,Sun Conure,CKRD1221,CKRD1213,5762,04-01-2022,Fertile,11.01.2022,,8.35,,6.61,26-01-2022,,NORMAL,0.1,,
Conure,Sun Conure,A51,Sun Conure,CKRD214,CKRD303,5763,04-01-2022,Fertile,,,,,,,,,,EARLY,11.01.2022
Lory,Lory,E10,Swainson Lory,CKRC263,CKRC369,5764,04-01-2022,Fertile,11.01.2022,,5.36,,4.89,,,ASSIST,0.2,,
Lory,Lory,E14,Swainson Lory,N0 Ring,CKRC272,5765,04-01-2022,Fertile,11.01.2022,,,,,,,,,MID,16-01-2022
Lory,Lory,D33,Swainson Lory,CKRB050,SA256,5766,04-01-2022,Fertile,11.01.2022,,7.84,,5.53,27-01-2022,,NORMAL,0.2,,
Lory,Lory,E36,Olive Swainson Lory,CKRB114,CKRD1476,5767,04-01-2022,Fertile,11.01.2022,,6.16,,4.8,23-01-2022,,NORMAL,0.2,,
Conure,Sun Conure,A9,Sun Conure,CKR07,MVR504,5768,06-01-2022,Infertile,,,,,,,,,,,
Conure,Sun Conure,A13,Sun Conure,GB2905,GB3107,5770,06-01-2022,Fertile,13-01-2022,,6.9,,5.1,31-01-2022,,NORMAL,0.1,,
Conure,Sun Conure,B13,Sun Conure,GB3097,GB2810,5771,06-01-2022,Fertile,06-01-2022,,7.74,,5.89,26-01-2022,,NORMAL,0.1,,
Conure,Sun Conure,B13,Sun Conure,GB3097,GB2810,5772,06-01-2022,Fertile,13-01-2022,,7.55,,5.84,30-01-2022,,NORMAL,0.1,,
Conure,Sun Conure,A16,Sun Conure,GB2855,GB3023,5773,06-01-2022,Fertile,13-01-2022,,6.52,,5.1,29-01-2022,,NORMAL,0.2,,
Conure,Sun Conure,B17,Sun Conure,GB2718,GB2891,5774,06-01-2022,Fertile,06-01-2022,,8.61,,6.42,,,ASSIST,0.2,,
Conure,Sun Conure,B17,Sun Conure,GB2718,GB2891,5775,06-01-2022,Fertile,13-01-2022,,8.34,,6.78,30-01-2022,,NORMAL,0.2,,
Conure,Sun Conure,B18,Sun Conure,GB2767,NAGU14,5793,06-01-2022,Fertile,13-01-2022,,6.86,,5.03,01-02-2022,,NORMAL,0.1,,
Conure,Sun Conure,B20,Sun Conure,CKRB154,GB2815,5794,06-01-2022,Fertile,13-01-2022,,7.79,,5.93,30-01-2022,,NORMAL,0.2,,
Conure,Sun Conure,A27,Janday Conure,GF0407,GF0403,5795,06-01-2022,Infertile,,,,,,,,,,,
Conure,Sun Conure,A29,Sun Conure,GB2778,GB2873,5776,06-01-2022,Fertile,06-01-2022,,6.79,,5.45,26-01-2022,,NORMAL,0.1,,
Conure,Sun Conure,A29,Sun Conure,GB2778,GB2873,5777,06-01-2022,Fertile,13-01-2022,,7.5,,4.97,,,ASSIST,0.2,,
Conure,Sun Conure,B30,Sun Conure,GB2702,GB2823,5778,06-01-2022,Fertile,13-01-2022,,8.47,,6.35,30-01-2022,,NORMAL,0.2,,
Conure,Sun Conure,A36,Sun Conure,CKRC251,CKRC256,5779,06-01-2022,Fertile,13-01-2022,,8.41,,6.43,31-01-2022,,NORMAL,0.2,,
Conure,Sun Conure,B48,Nanday Conure,CKRA167,CKRB139&1,5780,06-01-2022,Infertile,,,,,,,,,,,
Conure,Sun Conure,B48,Nanday Conure,CKRA167,CKRB139&1,5781,06-01-2022,Fertile,13-01-2022,,9.16,,6.89,,,ASSIST,0.2,,
Conure,Sun Conure,A51,Sun Conure,CKRD214,CKRD303,5782,06-01-2022,Fertile,13-01-2022,,,,,,,,,MID,22-01-2022
Conure,Sun Conure,B51,Nanday Conure,CKRB046,CKRB193,5783,06-01-2022,Fertile,13-01-2022,,8,,6.12,26-01-2022,,NORMAL,0.2,,
Parrot,Lory,I5,Caique,CKR21,OMC038,5784,06-01-2022,Fertile,13-01-2022,,,,,,,,,LATE,02-02-2022
Lory,Lory,E10,Swainson Lory,CKRC369,CKRC263,5785,06-01-2022,Fertile,13-01-2022,,,,,,,,,LATE,28-01-2022
Lory,Lory,E14,Swainson Lory,NO RING,CKRC272,5786,06-01-2022,Fertile,13-01-2022,,6.64,,5.2,,,ASSIST,0.1,,
Lory,Lory,E21,Swainson Lory,CKRD1489,CKRC249,5787,06-01-2022,Fertile,13-01-2022,,7.52,,5.26,31-01-2022,,NORMAL,0.1,,
Lory,Lory,E23,Red Lory,ABW5160,ABW5142,5788,06-01-2022,Fertile,13-01-2022,,,,,,,,,LATE,01-02-2022
Lory,Lory,E28,Swainson Lory,CKRB107,CKR364,5789,06-01-2022,Fertile,13-01-2022,,8.49,,6.76,31-01-2022,,NORMAL,0.2,,
Lory,Lory,D42,Red Collared Lory,CKRC288,CKRC281,5790,06-01-2022,Fertile,13-01-2022,,5.37,,3.95,31-01-2022,,NORMAL,0.1,,
Lory,Lory,F45,Olive Swainson Lory,7L6678,T0660192,5791,06-01-2022,Infertile,,,,,,,,,,,
Lory,Lory,F45,Olive Swainson Lory,7L6678,T0660192,5792,06-01-2022,Infertile,,,,,,,,,,,
Parrot,Aruvi,A12,Gray Parrot,CKR0011,VPW293,2508,03-01-2022,Fertile,10-01-2022,,,,,,,,,LATE,03-02-2022
Lory,Garden,B19,Red Lory,,,2509,03-01-2022,Fertile,10-01-2022,,8.63,,6.32,,,ASSIST,0.2,,
Conure,Garden,B9,Sun Conure,GD2883,GD2720,2510,03-01-2022,Fertile,10-01-2022,,7.43,,5.81,24-01-2022,,NORMAL,0.1,,
Conure,Garden,B12,Sun Conure,GB3022,GB2781,2511,03-01-2022,Fertile,10-01-2022,,,,6.44,22-01-2022,,NORMAL,0.3,,
Lory,Garden,C5,Green Napped Lory,YUV400,YUV287,2512,03-01-2022,Fertile,10-01-2022,,,,4.33,22-01-2022,,NORMAL,0.1,,
Lory,Garden,C5,Green Napped Lory,YUV400,YUV287,2513,03-01-2022,Fertile,10-01-2022,,6.38,,4.08,,,ASSIST,0.2,,
Conure,Garden,B3,Sun Conure,GB2865,GB3180,2514,03-01-2022,Fertile,10-01-2022,,8,,6.22,25-01-2022,,NORMAL,0.2,,
Conure,Garden,B10,Sun Conure,GB2783,GB2785,2515,03-01-2022,Fertile,10-01-2022,,7.84,,5.9,27-01-2022,,NORMAL,0.2,,
Conure,Garden,B3,Sun Conure,GB2865,GB3180,2516,03-01-2022,Fertile,10-01-2022,,8.5,,6.9,24-01-2022,,NORMAL,0.2,,
Lory,Garden,C2,Swainson Lory,CKRA443,GFC498,2517,03-01-2022,Fertile,,,,,,,,,,EARLY,08-01-2022
Conure,Garden,B9,Sun Conure,GD2883,GD2720,2518,03-01-2022,Fertile,10-01-2022,,6.75,,4.94,26-01-2022,,NORMAL,0.2,,
Conure,Garden,B10,Sun Conure,GB2783,GB2785,2519,03-01-2022,Fertile,10-01-2022,,,,,,,,,MID,19-01-2022
Conure,Garden,B10,Sun Conure,GB2783,GB2785,2520,03-01-2022,Fertile,10-01-2022,,,,6.02,23-01-2022,,NORMAL,0.2,,
Conure,Garden,B6,Sun Conure,GB2956,Ckr153,2521,03-01-2022,Fertile,10-01-2022,,6.84,,4.96,30-01-2022,,NORMAL,0.2,,
Conure,Garden,B6,Sun Conure,GB2956,Ckr153,2522,03-01-2022,Infertile,,,,,,,,,,,
Lory,Garden,C2,Swainson Lory,CKRA443,GFC498,2523,03-01-2022,Fertile,10-01-2022,,,,,,,,,LATE,22-01-2022
Conure,Garden,B12,Sun Conure,GB3022,GB2781,2524,03-01-2022,Fertile,10-01-2022,,6.54,,5,24-01-2022,,NORMAL,0.2,,
Macaw,Thendral,T6,Blue Gold Macaw,22,CKR0083,2525,03-01-2022,Fertile,10-01-2022,,23.08,,16.94,27-01-2022,,NORMAL,0.3,,
Parrot,Aruvi,A9,Gray Parrot,SV0010,CKR0001C,2526,03-01-2022,Fertile,10-01-2022,,,,,,,,,EARLY,16-01-2022
Parrot,Aruvi,A9,Gray Parrot,SV0010,CKR0001C,2527,03-01-2022,Infertile,,,,,,,,,,,
Parrot,Aruvi,A2,Timney Gray Parrot,,,2528,03-01-2022,Fertile,10-01-2022,,11.89,,9.32,,,ASSIST,0.2,,
Parrot,Aruvi,A1,Timney Gray Parrot,,,2529,03-01-2022,Fertile,10-01-2022,,14.65,,10.9, ,,ASSIST,1.44,,
Parrot,Aruvi,A2,Timney Gray Parrot,,,2530,03-01-2022,Fertile,10-01-2022,,13.11,,9.9,,,ASSIST,1.55,,
Conure,Sun Conure,A13,Sun Conure,GB2905,GB3107,5769,06-01-2022,Fertile,08-01-2022,,,,,,,,,EARLY,10-01-2022
Conure,Sun Conure,A5,Sun Conure,CKRC332,CKRD282,5797,10-01-2022,Fertile,17-01-2022,,,,,,,,,LATE,02-02-2022
Conure,Sun Conure,B6,Sun Conure,GB3059,CPC143,5798,10-01-2022,Fertile,17-01-2022,,5.65,,4.61,03-02-2022,,NORMAL,0.2,,
Conure,Sun Conure,A8,Sun Conure,GB2805,GB2915,5799,10-01-2022,Fertile,17-01-2022,,6,,,,,,,LATE,30-01-2022
Conure,Sun Conure,A12,Sun Conure,CKRD386,CKRD 841,5800,10-01-2022,Fertile,17-01-2022,,,,,,,,,LATE,08-02-2022
Conure,Sun Conure,A12,Sun Conure,CKRD386,CKRD 841,5801,10-01-2022,Fertile,17-01-2022,,6.85,,5.14,,,ASSIST,0.2,,
Conure,Sun Conure,B13,Sun Conure,GB3097,GB2810,5802,10-01-2022,Fertile,17-01-2022,,,,,,,,,,
Conure,Sun Conure,A16,Sun Conure,GB2855,GB3023,5803,10-01-2022,Infertile,,,6.53,,5.19,31-01-2022,,NORMAL,0.2,,
Conure,Sun Conure,B17,Sun Conure,GB2718,GB2891,5804,10-01-2022,Fertile,17-01-2022,,7.41,,6.32,01-02-2022,,NORMAL,0.2,,
Conure,Sun Conure,A18,Sun Conure,GB3174,GB3198,5805,10-01-2022,Fertile,17-01-2022,,7.26,,5.77,31-01-2022,,NORMAL,0.1,,
Conure,Sun Conure,B18,Sun Conure,GB2767,NAGU14,5806,10-01-2022,Infertile,,,,,,,,,,,
Conure,Sun Conure,B20,Sun Conure,CKRB154,GB2815,5807,10-01-2022,Fertile,17-01-2022,,,,,,,,,LATE,01-02-2022
Conure,Sun Conure,B22,Sun Conure,GB2714,GB2747,5808,10-01-2022,Infertile,,,,,,,,,,,
Conure,Sun Conure,A24,Sun Conure,GB3067,,5809,10-01-2022,Fertile,17-01-2022,,,,,,,,,LATE,05-02-2022
Conure,Sun Conure,B24,Sun & Janday Conure,GB2636,GB3334,5810,10-01-2022,Fertile,17-01-2022,,8.3,,6.5,01-02-2022,,NORMAL,0.2,,
Conure,Sun Conure,A25,Sun Conure,GB2879,GB3175,5811,10-01-2022,Fertile,17-01-2022,,6.79,,5.49,31-01-2022,,NORMAL,0.2,,
Conure,Sun Conure,A27,Janday Conure,GF0407,GF0403,5812,10-01-2022,Infertile,,,,,,,,,,,
Conure,Sun Conure,A27,Janday Conure,GF0407,GF0403,5813,10-01-2022,Infertile,,,,,,,,,,,
Conure,Sun Conure,B27,Sun Conure,CKRB184,GB2730,5814,10-01-2022,Fertile,17-01-2022,,,,,,,,,LATE,01-02-2022
Conure,Sun Conure,A29,Sun Conure,GB2778,GB2873,5815,10-01-2022,Fertile,17-01-2022,,,,,,,,,,
Conure,Sun Conure,B30,Sun Conure,GB2702,GB2823,5816,10-01-2022,Fertile,17-01-2022,,8.69,,7.14,31-01-2022,,NORMAL,0.2,,
Conure,Sun Conure,B31,Sun Conure,CKR279,CKRA442,5817,10-01-2022,Fertile,17-01-2022,,7.97,,6.18,01-02-2022,,NORMAL,0.2,,
Conure,Sun Conure,B33,Janday Conure,CKR53,CKRB136,5818,10-01-2022,Fertile,17-01-2022,,7.19,,5.42,31-01-2022,,NORMAL,0.1,,
Conure,Sun Conure,A33,Janday Conure,CKRB170,CKRC245,5819,10-01-2022,Fertile,17-01-2022,,,,,,,,,MID,24-01-2022
Conure,Sun Conure,A36,Sun Conure,CKRC251,CKRC256,5820,10-01-2022,Fertile,15-01-2022,,,,,,,,,EARLY,16-01-2022
Conure,Sun Conure,A43,Caique,CKR30,CKRB196,5821,10-01-2022,Infertile,,,,,,,,,,,
Conure,Sun Conure,A45,Sun Conure,CKRD293,CKRC133,5822,10-01-2022,Fertile,17-01-2022,,7.01,,5.46,30-01-2022,,NORMAL,0.1,,
Conure,Sun Conure,B48,Nanday Conure,CKRA167,CKRB139&1,5823,10-01-2022,Fertile,17-01-2022,,,,,,,,,LATE,06-02-2022
Conure,Sun Conure,B51,Nanday Conure,CKRB046,CKRB193,5824,10-01-2022,Fertile,17-01-2022,,X,,5.58,29-01-2022,,NORMAL,0.2,,
Conure,Sun Conure,A51,Sun Conure,CKRD214,CKRD303,5825,10-01-2022,Fertile,17-01-2022,,6.67,,4.79,04-02-2022,,NORMAL,0.2,,
Conure,Sun Conure,B52,Nanday Conure,CKR374,CKRA169,5826,10-01-2022,Fertile,17-01-2022,,7.01,,5.3,31-01-2022,,NORMAL,0.2,,
Conure,Lory,H26,Sun Conure,GD2692,GD3183,5827,10-01-2022,Fertile,17-01-2022,,6.51,,4.61,01-02-2022,,NORMAL,0.2,,
Conure,Lory,H25,Sun & Janday Conure,Ckr21,Ckr057,5828,10-01-2022,Fertile,17-01-2022,,,,,,,,,LATE,30-01-2022
Lory,Lory,E20,Swainson Lory,CKRD1405,CKRD1572,5829,10-01-2022,Fertile,17-01-2022,,6.69,,5.4,01-02-2022,,NORMAL,0.2,,
Lory,Lory,E21,Swainson Lory,CKRD1489,CKRC249,5830,10-01-2022,Fertile,17-01-2022,,7.12,,5.44,02-02-2022,,NORMAL,0.1,,
Lory,Lory,E22,Swainson Lory,CKRB141,CKRB092,5831,10-01-2022,Fertile,17-01-2022,,,,,,,,,MID,26-01-2022
Lory,Lory,E23,Red Lory,ABW5160,ABW5142,5832,10-01-2022,Fertile,17-01-2022,,8.41,,6.24,02-02-2022,,NORMAL,0.1,,
Lory,Lory,D25,Red Lory,215,ABW5147,5833,10-01-2022,Fertile,17-01-2022,,6.93,,5.28,04-02-2022,,NORMAL,0.2,,
Lory,Lory,D26,Olive Swainson Lory,CKRC257,NO RING,5834,10-01-2022,Fertile,17-01-2022,,6.54,,5.01,03-02-2022,,NORMAL,0.2,,
Lory,Lory,E28,Swainson Lory,CKRB107,CKR364,5835,10-01-2022,Fertile,17-01-2022,,8.42,,6.42,03-02-2022,,NORMAL,0.2,,
Lory,Lory,D41,Swainson Lory,CKRD1481,CKRD1562,5836,10-01-2022,Infertile,,,,,,,,,,,
Lory,Lory,E42,Swainson Lory,CKRA438,CKRA435,5837,10-01-2022,Fertile,17-01-2022,,7.33,,5.88,02-02-2022,,NORMAL,0.2,,
Lory,Lory,D42,Red Collared Lory,CKRC288,CKRC281,5838,10-01-2022,Infertile,,,,,,,,,,,
Conure,Sun Conure,B6,Sun Conure,GB3059,CPC143,5841,13-01-2022,Fertile,20-01-2022,,,,4.89,05-02-2022,,NORMAL,0.2,,
Conure,Sun Conure,A8,Sun Conure,GB2805,GB2915,5842,13-01-2022,Infertile,,,,,,,,,,,
Conure,Sun Conure,A10,Sun Conure,GB2872,CKRB115,5843,13-01-2022,Fertile,20-01-2022,,8.52,,6.56,05-02-2022,,NORMAL,0.2,,
Conure,Sun Conure,A13,Sun Conure,GB2905,GB3107,5844,13-01-2022,Fertile,20-01-2022,,,,,,,,,LATE,04-02-2022
Conure,Sun Conure,B14,Sun Conure,GB2698,GB2780,5845,13-01-2022,Fertile,20-01-2022,,6.96,,5.57,05-02-2022,,NORMAL,0.2,,
Conure,Sun Conure,A16,Sun Conure,GB2855,GB3023,5846,13-01-2022,Fertile,20-01-2022,,6.09,,4.88,04-02-2022,,NORMAL,0.2,,
Conure,Sun Conure,B18,Sun Conure,GB2767,NAGU14,5847,13-01-2022,Infertile,,,,,,,,,,,
Conure,Sun Conure,B20,Sun Conure,CKR B 154,GB2815,5848,13-01-2022,Infertile,,,,,,,,,,,
Conure,Sun Conure,B22,Sun Conure,GB2714,GB2747,5849,13-01-2022,Fertile,20-01-2022,,,,,,,,,LATE,09-02-2022
Conure,Sun Conure,B24,Sun & Janday Conure,GB2636,GB3334,5850,13-01-2022,Fertile,20-01-2022,,8.06,,6.55,04-02-2022,,NORMAL,0.2,,
Conure,Sun Conure,A25,Sun Conure,GB2879,GB3175,5851,13-01-2022,Fertile,20-01-2022,,8.59,,6.97,04-02-2022,,NORMAL,0.2,,
Conure,Sun Conure,A26,Sun Conure,GB3223,GB2926,5852,13-01-2022,Fertile,16-01-2022,,,,,,,,,EARLY,19-01-2022
Conure,Sun Conure,B27,Sun Conure,GB2730,CKRB184,5853,13-01-2022,Fertile,20-01-2022,,,,,,,,,,
Conure,Sun Conure,B29,Sun Conure,GB2807,GB2700,5854,13-01-2022,Fertile,20-01-2022,,6.64,,4.88,06-02-2022,,NORMAL,0.1,,
Conure,Sun Conure,A29,Sun Conure,GB2873,GB2778,5855,13-01-2022,Fertile,20-01-2022,,,,,,,,,LATE,05-02-2022
Conure,Sun Conure,B30,Sun Conure,GB2702,GB2823,5856,13-01-2022,Fertile,20-01-2022,,8.65,,6.75,03-02-2022,,NORMAL,0.2,,
Conure,Sun Conure,B31,Sun Conure,CKRA442,CKR279,5857,13-01-2022,Fertile,20-01-2022,,7.21,,5.68,05-02-2022,,NORMAL,0.2,,
Conure,Sun Conure,A33,Janday Conure,CKRC245,CKRB170,5858,13-01-2022,Fertile,20-01-2022,,,,,,,,,LATE,09-02-2022
Conure,Sun Conure,B33,Janday Conure,CKR53,CKRB136,5859,13-01-2022,Fertile,20-01-2022,,7.13,,5.64,04-02-2022,,NORMAL,O.1,,
Conure,Sun Conure,B36,Sun Conure,GB2939,GB2937,5860,13-01-2022,Fertile,16-01-2022,,,,,,,,,EARLY,19-01-2022
Conure,Sun Conure,A36,Sun Conure,CKRC251,CKRC256,5861,13-01-2022,Fertile,20-01-2022,,7.62,,6.12,06-02-2022,,NORMAL,0.2,,
Conure,Sun Conure,A38,Sun Conure,CKRA143,GB3339,5862,13-01-2022,Infertile,,,,,,,,,,,
Conure,Sun Conure,B43,Crimson Bellied Conure,SIVA529,HAISHL066,5863,13-01-2022,Fertile,20-01-2022,,5.97,,4.5,03-02-2022,,NORMAL,0.2,,
Conure,Sun Conure,B43,Crimson Bellied Conure,SIVA529,HAISHL066,5864,13-01-2022,Fertile,20-01-2022,,5.44,,3.66,09-02-2022,,NORMAL,0.1,,
Conure,Sun Conure,A26,Sun Conure,GB3223,GB2926,5865,13-01-2022,Fertile,20-01-2022,,6.09,,4.95,05-02-2022,,NORMAL,0.2,,
Conure,Sun Conure,A48,Sun Conure,CKRC325,CKRC331,5866,13-01-2022,Fertile,20-01-2022,,,,,,,,,LATE,06-02-2022
Conure,Sun Conure,B52,Nanday Conure,CKR374,CKRA169,5867,13-01-2022,Fertile,20-01-2022,,,,,,,,,MID,22-01-2022
Conure,Lory,H26,Sun Conure,GD2692,GD3183,5868,13-01-2022,Fertile,20-01-2022,,,,,,,,,LATE,07-02-2022
Lory,Lory,E42,Swainson Lory,CKRA438,CKRA435,5869,13-01-2022,Fertile,20-01-2022,,7.26,,5.74,05-02-2022,,NORMAL,0.1,,
Lory,Lory,D41,Swainson Lory,CKRD1481,CKRD1562,5870,13-01-2022,Infertile,,,,,,,,,,,
Lory,Lory,E34,Swainson Lory,CKR221,CKR361,5871,13-01-2022,Infertile,,,,,,,,,,,
Lory,Lory,E33,Scaly Breasted Lory,CKRA127,CKR0110,5872,13-01-2022,Infertile,,,,,,,,,,,
Lory,Lory,E30,Red Lory,ABW5145,ABW5158,5873,13-01-2022,Fertile,20-01-2022,,,,,,,,,LATE,04-02-2022
Lory,Lory,E29,Red Collared Lory,CKRC204,CKRC208,5874,13-01-2022,Fertile,20-01-2022,,5.91,,3.72,08-02-2022,,NORMAL,0.2,,
Lory,Lory,D26,Olive Swainson Lory,CKRC257,NO RING,5875,13-01-2022,Fertile,20-01-2022,,6.14,,5.31,05-02-2022,,NORMAL,0.1,,
Lory,Lory,D25,Red Lory,215,ABW5147,5876,13-01-2022,Fertile,20-01-2022,,,,,,,,,LATE,06-02-2022
Lory,Lory,E20,Swainson Lory,CKRD1572,CKRD1405,5877,13-01-2022,Fertile,20-01-2022,,6.85,,5.47,04-02-2022,,NORMAL,0.2,,
Lory,Lory,D17,Violet Necked Lory,CHIRP027,JP371,5878,13-01-2022,Fertile,20-01-2022,,,,,,,,,,
Lory,Lory,E16,Green Napped Lory,CKRC322,ACEIND151,5879,13-01-2022,Fertile,20-01-2022,,,,,,,,,MID,26-01-2022
Lory,Lory,D14,Green Napped Lory,SYY3032,No ring,5880,13-01-2022,Fertile,20-01-2022,,6.68,,5.26,07-02-2022,,NORMAL,0.2,,
Lory,Lory,E13,Red Lory,22835,TER22824,5881,13-01-2022,Fertile,18-01-2021,,,,,,,,,EARLY,20-01-2022
Lory,Lory,D9,Olive Swainson Lory,7DNG4300,ct0097,5882,13-01-2022,Fertile,20-01-2022,,7.08,,5.53,04-02-2022,,NORMAL,0.2,,
Conure,Sun Conure,A6,Sun Conure,CKRB130,GB3070,5884,14-01-2022,Fertile,30-01-2022,,8.14,,6.45,06-02-2022,,NORMAL,0.1,,
Conure,Sun Conure,A18,Sun Conure,GB3174,GB3198,5885,14-01-2022,Fertile,30-01-2022,,6.64,,5.12,07-02-2022,,NORMAL,0.2,,
Conure,Sun Conure,B30,Sun Conure,GB2702,GB2823,5886,14-01-2022,Fertile,30-01-2022,,7.44,,6.07,06-02-2022,,NORMAL,0.1,,
Conure,Sun Conure,A10,Sun Conure,GB2872,CKRB115,5887,17-01-2022,Fertile,24-01-2022,,9.31,,7.28,08-02-2022,,NORMAL,0.2,,
Conure,Sun Conure,A12,Sun Conure,GB2905,GB3107,5888,17-01-2022,Fertile,24-01-2022,,8.54,,6.86,06-02-2022,,NORMAL,,,
Conure,Sun Conure,A12,Sun Conure,GB2905,GB3107,5889,17-01-2022,Fertile,24-01-2022,,8.23,,6.38,11-02-2022,,NORMAL,0.2,,
Conure,Sun Conure,B12,Sun & Janday Conure,GB2701,GB3332,5890,17-01-2022,Fertile,24-01-2022,,7.58,,5.51,09-02-2022,,NORMAL,0.3,,
Conure,Sun Conure,B12,Sun & Janday Conure,GB2701,GB3332,5891,17-01-2022,Fertile,24-01-2022,,6.62,,5.32,,,ASSIST,0.2,,
Conure,Sun Conure,A16,Sun Conure,GB3023,GB2855,5892,17-01-2022,Fertile,24-01-2022,,5.32,,4.13,08-02-2022,,NORMAL,0.1,,
Conure,Sun Conure,B18,Sun Conure,GB2767,NAGU14,5893,17-01-2022,Fertile,24-01-2022,,,,,,,,,LATE,10-02-2022
Conure,Sun Conure,B20,Sun Conure,GB2815,CKRB154,5894,17-01-2022,Fertile,24-01-2022,,7.87,,5.9,08-02-2022,,NORMAL,0.2,,
Conure,Sun Conure,B24,Sun & Janday Conure,GB2636,GB3334,5895,17-01-2022,Fertile,24-01-2022,,7.92,,6.46,07-02-2022,,NORMAL,0.2,,
Conure,Sun Conure,B26,Sun Conure,GB2892,GB2932,5896,17-01-2022,Fertile,24-01-2022,,7.66,,6.23,09-02-2022,,NORMAL,0.2,,
Conure,Sun Conure,B26,Sun Conure,GB2892,GB2932,5897,17-01-2022,Fertile,24-01-2022,,6.71,,5.36,07-02-2022,,NORMAL,0.2,,
Conure,Sun Conure,A26,Sun Conure,GB3223,GB2926,5899,17-01-2022,Fertile,24-01-2022,,7.58,,6.12,10-02-2022,,NORMAL,0.1,,
Conure,Sun Conure,B27,Sun Conure,GB2730,CKRB184,5900,17-01-2022,Infertile,,,,,,,,,,,
Conure,Sun Conure,B33,Janday Conure,CKR53,CKRB136,5901,17-01-2022,Fertile,24-01-2022,,,,,,,,,LATE,05-02-2022
Conure,Sun Conure,B35,Sun Conure,GB2827,CKRA352,5902,17-01-2022,Fertile,22-01-2022,,,,,,,,,EARLY,24-01-2022
Conure,Sun Conure,B36,Sun Conure,GB2939,GB2937,5903,17-01-2022,Fertile,20-01-2022,,,,,,,,,EARLY,22-01-2022
Conure,Sun Conure,A36,Sun Conure,CKRC251,CKRC256,5904,17-01-2022,Fertile,24-01-2022,,6.79,,5.54,09-02-2022,,NORMAL,0.1,,
Conure,Sun Conure,A38,Janday Conure,CKRA143,GB3339,5905,17-01-2022,Fertile,24-01-2022,,7.67,,6.34,05-02-2022,,NORMAL,0.2,,
Conure,Sun Conure,A38,Janday Conure,CKRA143,GB3339,5906,17-01-2022,Fertile,24-01-2022,,7.63,,6.17,08-02-2022,,NORMAL,0.2,,
Conure,Sun Conure,A39,Sun Conure,CKRD233,CKRD1064,5907,17-01-2022,Fertile,24-01-2022,,,,,,,,,MID,26-01-2021
Conure,Sun Conure,A39,Sun Conure,CKRD233,CKRD1064,5908,17-01-2022,Fertile,24-01-2022,,,,,,,,,,
Conure,Sun Conure,A40,Sun Conure,VRS66,GB3189,5909,17-01-2022,Fertile,20-01-2022,,,,,,,,,EARLY,22-01-2022
Conure,Sun Conure,B43,Crimson Bellied Conure,SIVA529,HAISHL066,5910,17-01-2022,Fertile,24-01-2022,,,,,,,,,LATE,09-02-2022
Conure,Sun Conure,A48,Sun Conure,CKRC325,CKRC331,5911,17-01-2022,Fertile,24-01-2022,,7.78,,5.98,08-02-2022,,NORMAL,0.2,,
Conure,Sun Conure,A53,Sun Conure,JF405,CKRC141,5912,17-01-2022,Fertile,20-01-2022,,,,,,,,,EARLY,22-01-2022
Conure,Sun Conure,B56,Sun Conure,GB2689,GB2571,5913,17-01-2022,Fertile,24-01-2022,,6,,4.75,08-02-2022,,NORMAL,0.2,,
Lory,Lory,D8,Green Napped Lory,CKRD1430,CKRD1490,5914,17-01-2022,Fertile,24-01-2022,,,,,,,,,LATE,09-02-2022
Lory,Lory,E13,Red Lory,22835,TER22824,5915,17-01-2022,Fertile,24-01-2022,,7.88,,6.35,11-02-2022,,NORMAL,0.2,,
Lory,Lory,D14,Green Napped Lory,SYY3032,No ring,5916,17-01-2022,Fertile,24-01-2022,,7.48,,5.48,,,ASSIST,0.2,,
Lory,Lory,E16,Green Napped Lory,CKRC322,ACEIND151,5917,17-01-2022,Infertile,,,,,,,,,,,
Lory,Lory,D17,Violet Necked Lory,CHIRP027,JP371,5918,17-01-2022,Fertile,24-01-2022,,6.79,,4.56,09-02-2022,,NORMAL,0.1,,
Lory,Lory,E19,Black Capped Lory + Chattering Lory,Sunil692,JP514,5919,17-01-2022,Fertile,24-01-2022,,,,,,,,,,
Lory,Lory,E19,Black Capped Lory + Chattering Lory,Sunil692,JP514,5920,17-01-2022,Fertile,24-01-2022,,9.81,,7.31,10-02-2022,,NORMAL,0.3,,
Lory,Lory,D27,Red Collared Lory,CKRC283,CKRC202,5921,17-01-2022,Fertile,24-01-2022,,6.12,,4.77,10-02-2022,,NORMAL,0.2,,
Lory,Lory,D27,Red Collared Lory,CKRC283,CKRC202,5922,17-01-2022,Fertile,24-01-2022,,6.7,,5.33,07-02-2022,,NORMAL,0.1,,
Lory,Lory,E29,Red Collared Lory,CKRC204,CKRC208,5923,17-01-2022,Infertile,,,,,,,,,,,
Lory,Lory,D30,Swainson Lory,CKRA480,CKRA417,5924,17-01-2022,Fertile,24-01-2022,,,,,,,,,MID,29-01-2022
Lory,Lory,E30,Red Lory,ABW5145,ABW5158,5925,17-01-2022,Fertile,24-01-2022,,8.19,,5.87,07-02-2022,,NORMAL,0.2,,
Lory,Lory,E33,Scaly Breasted Lory,CKRA127,CKR0110,5926,17-01-2022,Fertile,24-01-2022,,,,,,,,,,
Lory,Lory,E34,Swainson Lory,CKR221,CKR361,5927,17-01-2022,Infertile,,,,,,,,,,,
Lory,Lory,E34,Swainson Lory,CKR221,CKR361,5928,17-01-2022,Fertile,24-01-2022,,,,,,,,,,
Lory,Lory,E35,Red Collared Lory,CKRD1478,CKRD1583,5929,17-01-2022,Fertile,24-01-2022,,7,,5.63,10-02-2022,,NORMAL,0.2,,
Lory,Lory,D36,Green Napped Lory,7NG2122,BH7318,5930,17-01-2022,Fertile,22-01-2022,,,,,,,,,EARLY,24-01-2022
Lory,Lory,D39,Olive Swainson Lory + Swainson Lory,CKR228,CKR378,5931,17-01-2022,Fertile,24-01-2022,,7.51,,5.69,10-02-2022,,NORMAL,0.1,,
Lory,Lory,E39,Red Lory,YUV40,PABW324,5932,17-01-2022,Infertile,,,,,,,,,,,
Lory,Lory,E39,Red Lory,YUV40,PABW324,5933,17-01-2022,Infertile,,,,,,,,,,,
Conure,Sun Conure,H25,Sun & Janday Conure,Ckr21,Ckr057,5934,17-01-2022,Fertile,24-01-2022,,,,,,,,,LATE,10-02-2022
Conure,Sun Conure,H26,Sun Conure,GD2692,GD3183,5935,17-01-2022,Fertile,24-01-2022,,5.18,,3.61,07-02-2022,,NORMAL,0.2,,
Conure,Sun Conure,A25,Sun Conure,GB2879,GB3175,5898,17-01-2022,Broken,,,,,,,,,,,
Conure,Sun Conure,A7,Sun Conure,GB3204,GB2902,5936,17-01-2022,Broken,,,,,,,,,,,
Conure,Sun Conure,B6,Sun Conure,GB3059,CPC143,5937,21-01-2022,Fertile,28-01-2022,,,,,,,,,MID,03-02-2022
Conure,Sun Conure,A9,Sun Conure,CKR07,MVR504,5938,21-01-2022,Fertile,24-01-2022,,,,,,,,,EARLY,26-01-2022
Conure,Sun Conure,A10,Sun Conure,GB2872,CKRB115,5939,21-01-2022,Fertile,28-01-2022,,8.72,,7.13,11-02-2022,,NORMAL,0.1,,
Conure,Sun Conure,B12,Sun & Janday Conure,GB2701,GB3332,5940,21-01-2022,Fertile,28-01-2022,,8.21,,6.43,11-02-2022,,NORMAL,0.2,,
Conure,Sun Conure,B15,Janday Conure,GB3333,CKRC258,5941,21-01-2022,Infertile,,,,,,,,,,,
Conure,Sun Conure,B20,Sun Conure,CKRB154,GB2815,5942,21-01-2022,Fertile,28-01-2022,,,,,,,,,LATE,10-02-2022
Conure,Sun Conure,B24,Sun & Janday Conure,GB2636,GB3334,5943,21-01-2022,Fertile,28-01-2022,,7.73,,5.9,10-02-2022,,NORMAL,0.2,,
Conure,Sun Conure,B25,Sun Conure,GB3099,GB2853,5944,21-01-2022,Infertile,,,,,,,,,,,
Conure,Sun Conure,B26,Sun Conure,GB2892,GB2932,5945,21-01-2022,Fertile,28-01-2022,,,,,,,,,,
Conure,Sun Conure,A34,Sun Conure,GB2639,GB2659,5946,21-01-2022,Fertile,28-01-2022,,,,,,,,,,
Conure,Sun Conure,B35,Sun Conure,GB2827,CKRA352,5947,21-01-2022,Fertile,28-01-2022,,,,,,,,,MID,01-02-2022
Conure,Sun Conure,A39,Sun Conure,CKRD1064,CKRD233,5948,21-01-2022,Fertile,28-01-2022,,,,,,,,,,
Conure,Sun Conure,A40,Sun Conure,GB3189,VRS66,5949,21-01-2022,Infertile,,,,,,,,,,,
Conure,Sun Conure,B41,Sun Conure,GB2914,GB3068,5950,21-01-2022,Fertile,28-01-2022,,,,,,,,,,
Parrot,Sun Conure,A43,Caique,CKR30,CKRB196,5951,21-01-2022,Infertile,,,,,,,,,,,
Conure,Sun Conure,B43,Crimson Bellied Conure,HAISHIL 066,SIVA 529,5952,21-01-2022,Fertile,28-01-2022,,,,,,,,,MID,29-01-2022
Conure,Sun Conure,A52,Sun Conure,GB2602,GB2773,5953,21-01-2022,Broken,,,,,,,,,,,
Conure,Sun Conure,B54,Sun Conure,CKRD315,CKRD1073,5954,21-01-2022,Fertile,28-01-2022,,,,,,,,,,
Conure,Sun Conure,B54,Sun Conure,CKRD315,CKRD1073,5955,21-01-2022,Infertile,,,,,,,,,,,
Conure,Sun Conure,B56,Sun Conure,GB2571,GB2689,5956,21-01-2022,Fertile,28-01-2022,,,,,,,,,,
Lory,Lory,E4,Swainson Lory,CKRC241,CKRC365,5957,21-01-2022,Fertile,28-01-2022,,7.06,,5.8,11-02-2022,,NORMAL,0.1,,
Lory,Lory,E4,Swainson Lory,CKRC241,CKRC365,5958,21-01-2022,Fertile,28-01-2022,,,,,,,,,,
Lory,Lory,D8,Green Napped Lory,CKRD1430,CKRD1490,5959,21-01-2022,Fertile,28-01-2022,,,,,,,,,,
Lory,Lory,D24,Olive Swainson Lory,CKRB215,TSNZ80,5960,21-01-2022,Fertile,28-01-2022,,,,,,,,,,
Lory,Lory,E34,Swainson Lory,CKR221,CKR361,5961,21-01-2022,Infertile,,,,,,,,,,,
Lory,Lory,E35,Red Collared Lory,CKRD1478,CKRD1583,5962,21-01-2022,Fertile,28-01-2022,,,,,,,,,,
Lory,Lory,D36,Green Napped Lory,TNG2122,BH7318,5963,21-01-2022,Fertile,26-01-2022,,,,,,,,,EARLY,28-01-2022
Lory,Lory,D39,Olive Swainson Lory + Swainson Lory,CKR228,CKR378,5964,21-01-2022,Fertile,28-01-2022,,,,,,,,,,
Conure,Sun Conure,K8,Sun Conure,CKRE1706,CKRE1139,5965,21-01-2022,Broken,,,,,,,,,,,
Conure,Lory,H25,Sun & Janday Conure,Ckr21,Ckr057,5966,22-01-2022,Rubbery,,,,,,,,,,,
Parrot,Aruvi,A9,Gray Parrot,SV0010,CKR0001C,2531,22-01-2022,Infertile,,,,,,,,,,,
Parrot,Aruvi,A10,Gray Parrot,VPW288,VPW274,2532,22-01-2022,Fertile,17-01-2022,,16.84,,12.45,10-02-2022,,NORMAL,0.5,,
Parrot,Aruvi,A12,Gray Parrot,CKR0011,VPW293,2533,22-01-2022,Fertile,17-01-2022,,,,,,,,,LATE,08-02-2022
Macaw,Thendral,T6,Blue Gold Macaw,22-Jan-00,CKR0083,2534,22-01-2022,Fertile,18-01-2022,,22.45,,15.79,26-01-2022,,NORMAL,1.6,,
Parrot,Aruvi,A1,Timney Gray Parrot,,,2535,22-01-2022,Fertile,20-01-2022,,12.27,,8.39,,,ASSIST,0.2,,
Parrot,Aruvi,A10,Gray Parrot,VPW288,VPW274,2536,22-01-2022,Fertile,20-01-2022,,,,,,,,,,
Parrot,Aruvi,A10,Gray Parrot,VPW288,VPW274,2537,22-01-2022,Fertile,25-01-2022,,,,,,,,,,
Cockatoo,Vasantham,V12,Umbrella Cockatoo,No RING,CKR10,2538,22-01-2022,Infertile,,,,,,,,,,,
Conure,Sun Conure,B6,Sun Conure,GB3059,CPC143,5967,24-01-2022,Unknown,,,,,,,,,,,
Conure,Sun Conure,A9,Sun Conure,CKR07,MVR504,5968,24-01-2022,Infertile,,,,,,,,,,,
Conure,Sun Conure,A10,Sun Conure,GB2872,CKRB115,5969,24-01-2022,Fertile,31-01-2022,,,,,,,,,,
Conure,Sun Conure,B12,Sun & Janday Conure,GB2701,GB3332,5970,24-01-2022,Fertile,31-01-2022,,,,,,,,,,
Conure,Sun Conure,B15,Janday Conure,CKRC258,ACEIND153,5971,24-01-2022,Infertile,,,,,,,,,,,
Conure,Sun Conure,B25,Sun Conure,GB2853,GB3099,5972,24-01-2022,Infertile,,,,,,,,,,,
Conure,Sun Conure,B26,Sun Conure,GB2892,GB2932,5973,24-01-2022,Fertile,31-01-2022,,,,,,,,,,
Conure,Sun Conure,A27,Janday Conure,GF0407,GF0403,5974,24-01-2022,Infertile,,,,,,,,,,,
Conure,Sun Conure,A32,Sun Conure,CKRC339,CKRD317,5975,24-01-2022,Fertile,31-01-2022,,,,,,,,,,
Conure,Sun Conure,B35,Sun Conure,GB2827,CKRA352,5976,24-01-2022,Fertile,31-01-2022,,,,,,,,,,
Conure,Sun Conure,A39,Sun Conure,CKRD233,CKRD1064,5977,24-01-2022,Fertile,31-01-2022,,,,,,,,,,
Conure,Sun Conure,A41,Sun Conure,GB2719,GB2955,5978,24-01-2022,Infertile,,,,,,,,,,,
Conure,Sun Conure,B41,Sun Conure,GB2914,GB3068,5979,24-01-2022,Fertile,31-01-2022,,,,,,,,,,
Parrot,Sun Conure,A43,Caique,CKR30,CKRB196,5980,24-01-2022,Infertile,,,,,,,,,,,
Conure,Sun Conure,A49,Sun Conure,CKRD1213,CKRD1221,5981,24-01-2022,Fertile,31-01-2022,,,,,,,,,,
Conure,Sun Conure,A55,Sun Conure,GB3186,SATHISH18,5982,24-01-2022,Fertile,31-01-2022,,,,,,,,,,
Conure,Sun Conure,B56,Sun Conure,GB2689,GB2571,5983,24-01-2022,Fertile,31-01-2022,,,,,,,,,,
Conure,Lory,K8,Sun Conure,CKRE1706,CKRE1139,5984,24-01-2022,Infertile,,,,,,,,,,,
Lory,Lory,E15,Red Lory,ABW5141,5153,5985,24-01-2022,Fertile,31-01-2022,,,,,,,,,,
Lory,Lory,D24,Olive Swainson Lory,CKRB215,TSNZ80,5986,24-01-2022,Fertile,31-01-2022,,,,,,,,,,
Lory,Lory,E31,Olive Swainson Lory + Swainson Lory,CKRC230,CKRC266,5987,24-01-2022,Fertile,31-01-2022,,,,,,,,,,
Lory,Lory,E43,Red Collared Lory,CKRC315,CKRC294,5988,24-01-2022,Fertile,31-01-2022,,,,,,,,,,
Lory,Lory,E8,Yellow Bibbed Lory,CKRB123,CKRB438,5989,01-02-2022,Fertile,01-02-2022,,,,,,,,,,
Lory,Lory,E8,Yellow Bibbed Lory,CKRB123,CKRB438,5990,01-02-2022,Fertile,08-02-2022,,,,,,,,,,
Lory,Lory,D9,Olive Swainson Lory + Olive Red Collared Lory,7DNG4300,ct0097,5991,01-02-2022,Fertile,08-02-2022,,,,,,,,,,
Lory,Lory,D9,Olive Swainson Lory + Olive Red Collared Lory,7DNG4300,ct0097,5992,01-02-2022,Fertile,08-02-2022,,,,,,,,,,
Lory,Lory,E10,Swainson Lory,CKRC369,CKRC263,5993,01-02-2022,Fertile,01-02-2022,,,,,,,,,,
Lory,Lory,E10,Swainson Lory,CKRC369,CKRC263,5994,01-02-2022,Fertile,08-02-2022,,,,,,,,,,
Lory,Lory,E14,Swainson Lory,CKRC272,NO RING,5995,01-02-2022,Fertile,08-02-2022,,,,,,,,,,
Lory,Lory,E14,Swainson Lory,CKRC272,NO RING,5996,01-02-2022,Fertile,08-02-2022,,,,,,,,,,
Lory,Lory,E15,Red Lory,ABW5141,5153,5997,01-02-2022,Fertile,01-02-2022,,,,,,,,,,
Lory,Lory,E21,Swainson Lory,CKRC249,CKRD1489,5998,01-02-2022,Fertile,08-02-2022,,,,,,,,,,
Lory,Lory,E22,Swainson Lory,CKRB141,CKRB092,5999,01-02-2022,Fertile,08-02-2022,,,,,,,,,MID,11-02-2022
Lory,Lory,E24,Red Collared Lory,GYYYO5078,4l7858,6000,01-02-2022,Fertile,01-02-2022,,,,,,,,,MID,11-02-2022
Lory,Lory,E27,Red Lory,ABW4849,ABW5154,6001,01-02-2022,Fertile,08-02-2022,,,,,,,,,,
Lory,Lory,E27,Red Lory,ABW4849,ABW5154,6002,01-02-2022,Fertile,08-02-2022,,,,,,,,,,
Lory,Lory,D28,Scaly Breasted Lory,GF0346,CKRA158,6003,01-02-2022,Fertile,08-02-2022,,,,,,,,,,
Lory,Lory,E31,Olive Swainson Lory + Swainson Lory,CKRC230,CKRC266,6004,01-02-2022,Fertile,01-02-2022,,,,,,,,,,
Lory,Lory,E31,Olive Swainson Lory + Swainson Lory,CKRC230,CKRC266,6005,01-02-2022,Fertile,06-02-2022,,,,,,,,,EARLY,08-02-2022
Lory,Lory,D32,Yellow Bibbed Lory,CKR344,CKR182,6006,01-02-2022,Infertile,,,,,,,,,,,
Lory,Lory,D34,Red Collared Lory,CKRC237,CKRC246,6007,01-02-2022,Fertile,01-02-2022,,,,,,,,,,
Lory,Lory,E36,Olive Swainson Lory + Swainson Lory,CKRD1476,CKRB114,6008,01-02-2022,Fertile,01-02-2022,,,,,,,,,,
Lory,Lory,E36,Olive Swainson Lory + Swainson Lory,CKRD1476,CKRB114,6009,01-02-2022,Fertile,08-02-2022,,,,,,,,,,
Lory,Lory,D40,Red Lory,ABW3899,ABW5146,6010,01-02-2022,Infertile,,,,,,,,,,,
Lory,Lory,E41,Red Collared Lory,SVC107,7B3328,6011,01-02-2022,Fertile,08-02-2022,,,,,,,,,,
Lory,Lory,E41,Red Collared Lory,SVC107,7B3328,6012,01-02-2022,Fertile,08-02-2022,,,,,,,,,,
Lory,Lory,E43,Red Collared Lory,CKRC315,CKRC294,6013,01-02-2022,Fertile,01-02-2022,,,,,,,,,,
Lory,Lory,F45,Olive Swainson Lory,7L6678,T0660192,6014,01-02-2022,Infertile,,,,,,,,,,,
Lory,Lory,F45,Olive Swainson Lory,7L6678,T0660192,6015,01-02-2022,Infertile,,,,,,,,,,,
Lory,Lory,F30,Swainson Lory,CKRC248,ACEIND148,6016,01-02-2022,Fertile,08-02-2022,,,,,,,,,,
Lory,Lory,F5,Red Collared Lory,CKRE1228,CKRE1576,6017,01-02-2022,Fertile,08-02-2022,,,,,,,,,,
Parrot,Lory,I5,Caique,,,6018,01-02-2022,Fertile,08-02-2022,,,,,,,,,,
Conure,Lory,I8,Crimson Bellied Conure,,,6019,01-02-2022,Fertile,01-02-2022,,,,,,,,,MID,11-02-2022
Lory,Lory,D34,Red Collared Lory,CKRC237,CKRC246,6020,01-02-2022,Fertile,08-02-2022,,,,,,,,,,
Lory,Lory,E24,Red Collared Lory,GYYYO5078,4l7858,6021,01-02-2022,Fertile,08-02-2022,,,,,,,,,,
Cockatoo,Vasantham,V10,Umbrella Cockatoo,CKR C 006/No Ring,,2539,02-02-2022,Fertile,31-01-2022,,,,,,,,,,
Cockatoo,Vasantham,V8,Triton Cockatoo,CKR A 025/CKR A 013,,2540,02-02-2022,Fertile,31-01-2022,,,,,,,,,,
Cockatoo,Vasantham,V18,Medium Sulphur Cockatoo,CKR A 029/CKR A 035,,2541,02-02-2022,Fertile,31-01-2022,,,,,,,,,,
Parrot,Aruvi,A4,Gray Parrot,SG 279/SG 270,,2542,02-02-2022,Fertile,31-01-2022,,,,,,,,,,
Parrot,Aruvi,A8,Gray Parrot,VPW220/SG 384,,2543,02-02-2022,Fertile,31-01-2022,,,,,,,,,,
Cockatoo,Vasantham,V18,Medium Sulphur Cockatoo,CKR A 029/CKR A 035,,2544,02-02-2022,Fertile,03-02-2022,,,,,,,,,,
Cockatoo,Vasantham,V16,Medium Sulphur Cockatoo,CKR A 036/CKR A 030,,2545,02-02-2022,Fertile,08-02-2022,,,,,,,,,,
Macaw,Thendral,T6,Blue Gold Macaw,022/CKR 0083,,2546,02-02-2022,Fertile,03-02-2022,,,,,,,,,EARLY,05-02-2022
Macaw,Thendral,T6,Blue Gold Macaw,022/CKR 0083,,2547,02-02-2022,Fertile,08-02-2022,,,,,,,,,,
Parrot,Aruvi,A5,Gray Parrot,SG263/SG 273,,2548,02-02-2022,Infertile,,,,,,,,,,,
Parrot,Aruvi,A4,Gray Parrot,SG 279/SG 270,,2549,02-02-2022,Fertile,08-02-2022,,,,,,,,,,
Parrot,Aruvi,A5,Gray Parrot,SG263/SG 273,,2550,02-02-2022,Infertile,,,,,,,,,,,
Parrot,Aruvi,A4,Gray Parrot,SG 279/SG 270,,2551,02-02-2022,Fertile,08-02-2022,,,,,,,,,,
Cockatoo,Aruvi,A18,Galah Cockatoo,253T30906004/CR06K11,,2552,02-02-2022,Fertile,08-02-2022,,,,,,,,,,
Cockatoo,Aruvi,A17,Major Mitchal Galah Cockatoo,JOC 8512/CKR 0042,,2553,02-02-2022,Infertile,,,,,,,,,,,
Cockatoo,Aruvi,A17,Major Mitchal Galah Cockatoo,JOC 8512/CKR 0042,,2554,02-02-2022,Infertile,,,,,,,,,,,
Conure,Sun Conure,A1,Janday Conure,CKRA137,CKR121,6022,04-02-2022,Fertile,11-02-2022,,,,,,,,,,
Conure,Sun Conure,B7,Sun Conure,CKRB131,GB3096,6023,04-02-2022,Infertile,,,,,,,,,,,
Conure,Sun Conure,A9,Sun Conure,CKR07,MVR504,6024,04-02-2022,Fertile,11-02-2022,,,,,,,,,,
Conure,Sun Conure,B12,Sun & Janday Conure,GB2701,GB3332,6025,04-02-2022,Infertile,,,,,,,,,,,
Conure,Sun Conure,B15,Janday Conure,CKRC258,GB3333,6026,04-02-2022,Fertile,11-02-2022,,,,,,,,,,
Conure,Sun Conure,B17,Sun Conure,GB2891,GB2718,6027,04-02-2022,Fertile,11-02-2022,,,,,,,,,,
Conure,Sun Conure,A21,Sun Conure,CKRC337,CKRC340,6028,04-02-2022,Fertile,11-02-2022,,,,,,,,,,
Conure,Sun Conure,A21,Sun Conure,CKRC337,CKRC340,6029,04-02-2022,Fertile,11-02-2022,,,,,,,,,,
Conure,Sun Conure,A23,Sun Conure,GB3022,GB2781,6030,04-02-2022,Fertile,11-02-2022,,,,,,,,,,
Conure,Sun Conure,A23,Sun Conure,GB3022,GB2781,6031,04-02-2022,Fertile,11-02-2022,,,,,,,,,,
Conure,Sun Conure,B25,Sun Conure,GB2853,GB3099,6032,04-02-2022,Fertile,11-02-2022,,,,,,,,,,
Conure,Sun Conure,B25,Sun Conure,GB2853,GB3099,6033,04-02-2022,Fertile,11-02-2022,,,,,,,,,,
Conure,Sun Conure,B26,Sun Conure,GB2892,GB2932,6034,04-02-2022,Fertile,11-02-2022,,,,,,,,,,
Conure,Sun Conure,A26,Sun Conure,GB3223,GB2926,6035,04-02-2022,Broken,,,,,,,,,,,
Conure,Sun Conure,A27,Janday Conure,GF0407,GF0403,6036,04-02-2022,Infertile,,,,,,,,,,,
Conure,Sun Conure,A27,Janday Conure,GF0407,GF0403,6037,04-02-2022,Infertile,,,,,,,,,,,
Conure,Sun Conure,A27,Janday Conure,GF0407,GF0403,6038,04-02-2022,Fertile,11-02-2022,,,,,,,,,,
Conure,Sun Conure,A32,Sun Conure,CKRC339,CKRD317,6039,04-02-2022,Fertile,11-02-2022,,,,,,,,,,
Conure,Sun Conure,A34,Sun Conure,GB2639,GB2659,6040,04-02-2022,Infertile,,,,,,,,,,,
Conure,Sun Conure,A34,Sun Conure,GB2639,GB2659,6041,04-02-2022,Fertile,11-02-2022,,,,,,,,,,
Conure,Sun Conure,A38,Janday Conure,CKRA143,GB3339,6042,04-02-2022,Fertile,11-02-2022,,,,,,,,,,
Conure,Sun Conure,B39,Sun Conure,GB2956,Ckr153,6043,04-02-2022,Fertile,11-02-2022,,,,,,,,,,
Conure,Sun Conure,B39,Sun Conure,GB2956,Ckr153,6044,04-02-2022,Fertile,11-02-2022,,,,,,,,,,
Conure,Sun Conure,B39,Sun Conure,GB2956,Ckr153,6045,04-02-2022,Fertile,11-02-2022,,,,,,,,,,
Conure,Sun Conure,A39,Sun Conure,CKRD233,CKRD1064,6046,04-02-2022,Broken,,,,,,,,,,,
Conure,Sun Conure,A39,Sun Conure,CKRD233,CKRD1064,6047,04-02-2022,Broken,,,,,,,,,,,
Conure,Sun Conure,B41,Sun Conure,GB2914,GB3068,6048,04-02-2022,Fertile,11-02-2022,,,,,,,,,,
Conure,Sun Conure,B41,Sun Conure,GB2914,GB3068,6049,04-02-2022,Fertile,11-02-2022,,,,,,,,,,
Conure,Sun Conure,A41,Sun Conure,GB2719,GB2955,6050,04-02-2022,Fertile,11-02-2022,,,,,,,,,,
Conure,Sun Conure,A41,Sun Conure,GB2719,GB2955,6051,04-02-2022,Fertile,11-02-2022,,,,,,,,,,
Conure,Sun Conure,A41,Sun Conure,GB2719,GB2955,6052,04-02-2022,Fertile,11-02-2022,,,,,,,,,,
Conure,Sun Conure,A42,Sun Conure,GB2895,GB2649,6053,04-02-2022,Fertile,11-02-2022,,,,,,,,,,
Conure,Sun Conure,A42,Sun Conure,GB2895,GB2649,6054,04-02-2022,Fertile,11-02-2022,,,,,,,,,,
Conure,Sun Conure,A42,Sun Conure,GB2895,GB2649,6055,04-02-2022,Fertile,11-02-2022,,,,,,,,,,
Conure,Sun Conure,B43,Crimson Bellied Conure,SIVA529,HAISHL066,6056,04-02-2022,Fertile,11-02-2022,,,,,,,,,,
Conure,Sun Conure,B43,Crimson Bellied Conure,SIVA529,HAISHL066,6057,04-02-2022,Infertile,,,,,,,,,,,
Parrot,Sun Conure,A43,Caique,CKR30,CKRB196,6058,04-02-2022,Infertile,,,,,,,,,,,
Conure,Sun Conure,A44,Sun Conure,GB3220,GB3076,6059,04-02-2022,Fertile,11-02-2022,,,,,,,,,,
Conure,Sun Conure,A44,Sun Conure,GB3220,GB3076,6060,04-02-2022,Fertile,11-02-2022,,,,,,,,,,
Conure,Sun Conure,A49,Sun Conure,CKRD1213,CKRD1221,6061,04-02-2022,Fertile,11-02-2022,,,,,,,,,,
Conure,Sun Conure,A49,Sun Conure,CKRD1213,CKRD1221,6062,04-02-2022,Fertile,06-02-2022,,,,,,,,,EARLY,08-02-2022
Conure,Sun Conure,B51,Nanday Conure,CKRB046,CKRB193,6063,04-02-2022,Fertile,11-02-2022,,,,,,,,,,
Conure,Sun Conure,B52,Nanday Conure,CKR374,CKRA169,6064,04-02-2022,Fertile,11-02-2022,,,,,,,,,,
Conure,Sun Conure,B54,Sun Conure,CKRD1073,CKRD315,6065,04-02-2022,Fertile,11-02-2022,,,,,,,,,,
Conure,Sun Conure,A55,Sun Conure,GB3186,SATHISH18,6066,04-02-2022,Fertile,11-02-2022,,,,,,,,,,
Conure,Sun Conure,A55,Sun Conure,GB3186,SATHISH18,6067,04-02-2022,Fertile,11-02-2022,,,,,,,,,,
Conure,Sun Conure,B56,Sun Conure,GB2689,GB2571,6068,04-02-2022,Infertile,,,,,,,,,,,
Conure,Sun Conure,A32,Sun Conure,CKRC339,CKRD317,6069,04-02-2022,Fertile,11-02-2022,,,,,,,,,,
Lory,Lory,E5,Red Collared Lory,CKRC225,CKRB149,6070,05-02-2022,Unknown,,,,,,,,,,,
Lory,Lory,D11,Green Napped Lory,YUV400,YUV287,6071,05-02-2022,Unknown,,,,,,,,,,,
Lory,Lory,D11,Green Napped Lory,YUV400,YUV287,6072,05-02-2022,Unknown,,,,,,,,,,,
Lory,Lory,E20,Swainson Lory,CKRD1572,CKRD1405,6073,05-02-2022,Unknown,,,,,,,,,,,
Lory,Lory,E21,Swainson Lory,CKRC249,CKRD1489,6074,05-02-2022,Unknown,,,,,,,,,,,
Lory,Lory,D26,Olive Swainson Lory + Swainson Lory,CKRC257,NO RING,6075,05-02-2022,Unknown,,,,,,,,,,,
Lory,Lory,D26,Olive Swainson Lory + Swainson Lory,CKRC257,NO RING,6076,05-02-2022,Unknown,,,,,,,,,,,
Lory,Lory,D29,Red Lory,YUV111,ABW5159,6077,05-02-2022,Unknown,,,,,,,,,,,
Lory,Lory,D30,Swainson Lory,CKRA480,CKRA417,6078,05-02-2022,Unknown,,,,,,,,,,,
Lory,Lory,E30,Red Lory,ABW5145,ABW5158,6079,05-02-2022,Unknown,,,,,,,,,,,
Lory,Lory,D38,Red Collared Lory,HL7810,CKR/TE4550,6080,05-02-2022,Unknown,,,,,,,,,,,
Lory,Lory,D38,Red Collared Lory,HL7810,CKR/TE4550,6081,05-02-2022,Unknown,,,,,,,,,,,
Lory,Lory,D40,Red Lory,ABW3899,ABW5146,6082,05-02-2022,Unknown,,,,,,,,,,,
Lory,Lory,D41,Swainson Lory,CKRD1481,CKRD1562,6083,05-02-2022,Unknown,,,,,,,,,,,
Lory,Lory,E45,Scaly Breasted Lory,TC6AQ238,AP8377,6084,05-02-2022,Unknown,,,,,,,,,,,
Lory,Lory,E47,Red Collared Lory,CKRD1589,CKRC222,6085,05-02-2022,Unknown,,,,,,,,,,,
Lory,Lory,E47,Red Collared Lory,CKRD1589,CKRC222,6086,05-02-2022,Unknown,,,,,,,,,,,
Lory,Lory,F30,Swainson Lory,CKRC248,ACEIND148,6087,05-02-2022,Unknown,,,,,,,,,,,
Lory,Lory,F5,Red Collared Lory,CKRC306,CKRC279,6088,05-02-2022,Unknown,,,,,,,,,,,
Conure,Lory,I 22,Crimson Bellied Conure,YM132,FAISAL125,6089,05-02-2022,Unknown,,,,,,,,,,,
Parrot,Lory,I 5,Caique,CKR21,OMC038,6090,05-02-2022,Unknown,,,,,,,,,,EARLY,08-02-2022
Parrot,Lory,I 5,Caique,CKR21,OMC038,6091,05-02-2022,Unknown,,,,,,,,,,,
Conure,Lory,H26,Sun Conure,GD2692,GD3183,6092,05-02-2022,Unknown,,,,,,,,,,,
Conure,Lory,H26,Sun Conure,GD2692,GD3183,6093,05-02-2022,Unknown,,,,,,,,,,,
Conure,Sun Conure, A1,Janday Conure,CKRA137,CKR121,6094,07-02-2022,Unknown,,,,,,,,,,,
Conure,Sun Conure,B5,Red Belly,CKRB211,266,6095,07-02-2022,Unknown,,,,,,,,,,,
Conure,Sun Conure,B7,Sun Conure,CKRB131,GB3096,6096,07-02-2022,Unknown,,,,,,,,,,,
Conure,Sun Conure,B20,Sun Conure,GB2815,CKRB154,6097,07-02-2022,Unknown,,,,,,,,,,,
Conure,Sun Conure,A21,Sun Conure,CKRC337,CKRC340,6098,07-02-2022,Unknown,,,,,,,,,,,
Conure,Sun Conure,A23,Sun Conure,GB3022,GB2781,6099,07-02-2022,Unknown,,,,,,,,,,,
Conure,Sun Conure,B27,Sun Conure,GB2730,CKRB184,6100,07-02-2022,Unknown,,,,,,,,,,,
Conure,Sun Conure,A34,Sun Conure,GB2639,GB2659,6101,07-02-2022,Unknown,,,,,,,,,,,
Conure,Sun Conure,A38,Janday Conure,CKRA143,GB3339,6102,07-02-2022,Unknown,,,,,,,,,,,
Conure,Sun Conure,A44,Sun Conure,GB3220,GB3076,6103,07-02-2022,Unknown,,,,,,,,,,,
Conure,Sun Conure,A47,Sun Conure,CKRD372,CKRD154,6104,07-02-2022,Unknown,,,,,,,,,,,
Conure,Sun Conure,B51,Nanday Conure,CKRB046,CKRB193,6105,07-02-2022,Unknown,,,,,,,,,,,
Conure,Lory,D30,Swainson Lory,CKRA480,CKRA417,6106,07-02-2022,Unknown,,,,,,,,,,,
Conure,Lory,D33,Swainson Lory,SA256,CKRB050,6107,07-02-2022,Unknown,,,,,,,,,,,
Conure,Lory,D41,Swainson Lory,CKRD1481,CKRD1562,6108,07-02-2022,Unknown,,,,,,,,,,,
Conure,Lory,I8,Crimson Bellied Conure,,,6109,07-02-2022,Unknown,,,,,,,,,,,
Conure,Lory,I22,Crimson Bellied Conure,YM132,FAISAL125,6110,07-02-2022,Unknown,,,,,,,,,,,
Conure,Sun Conure,A43,Caique,CKR30,CKRB196,6111,07-02-2022,Unknown,,,,,,,,,,,
Conure,Sun Conure,A1,Janday Conure,CKRA137,CKR121,6112,10-02-2022,Unknown,,,,,,,,,,,
Conure,Sun Conure,B4,Sun Conure,CKRD216,CKRD1380,6113,10-02-2022,Unknown,,,,,,,,,,,
Conure,Sun Conure,B5,Red Belly,CKRB211,266,6114,10-02-2022,Unknown,,,,,,,,,,,
Conure,Sun Conure,B7,Sun Conure,CKRB131,GB3096,6115,10-02-2022,Unknown,,,,,,,,,,,
Conure,Sun Conure,A10,Sun Conure,GB2872,CKRB115,6116,10-02-2022,Unknown,,,,,,,,,,,
Conure,Sun Conure,B1,Sun Conure,GB2765,GB2725,6117,10-02-2022,Unknown,,,,,,,,,,,
Conure,Sun Conure,B20,Sun Conure,GB2815,CKRB154,6118,10-02-2022,Unknown,,,,,,,,,,,
Conure,Sun Conure,B27,Sun Conure,GB2730,CKRB184,6119,10-02-2022,Unknown,,,,,,,,,,,
Conure,Sun Conure,A30,Sun Conure,GB2865,GB3180,6120,10-02-2022,Unknown,,,,,,,,,,,
Conure,Sun Conure,B33,Janday Conure,CKR53,CKRB136,6121,10-02-2022,Unknown,,,,,,,,,,,
Conure,Sun Conure,B36,Sun Conure,GB2939,GB2937,6122,10-02-2022,Unknown,,,,,,,,,,,
Conure,Sun Conure,A44,Sun Conure,GB3220,GB3076,6123,10-02-2022,Unknown,,,,,,,,,,,
Conure,Sun Conure,A45,Sun Conure,CKRC133,CKRD293,6124,10-02-2022,Unknown,,,,,,,,,,,
Conure,Sun Conure,A45,Sun Conure,CKRC133,CKRD293,6125,10-02-2022,Unknown,,,,,,,,,,,
Conure,Sun Conure,A47,Sun Conure,CKRD372,CKRD154,6126,10-02-2022,Unknown,,,,,,,,,,,
Conure,Sun Conure,B55,Nansun Conure,CKRC252,CKRC338,6127,10-02-2022,Unknown,,,,,,,,,,,
Lory,Lory,I22,Crimson Bellied Conure,YM132,FAISAL125,6128,10-02-2022,Unknown,,,,,,,,,,,
Lory,Lory,E4,Swainson Lory,CKRC365,CKRC241,6129,10-02-2022,Unknown,,,,,,,,,,,
Lory,Lory,D7,Black Capped Lory,MAR092,MAR050,6130,10-02-2022,Unknown,,,,,,,,,,,
Lory,Lory,E20,Swainson Lory,CKRD1572,CKRD1405,6131,10-02-2022,Unknown,,,,,,,,,,,
Lory,Lory,E28,Swainson Lory,CKR364,CKRB107,6132,10-02-2022,Unknown,,,,,,,,,,,
Lory,Lory,E30,Red Lory,ABW5145,ABW5158,6133,10-02-2022,Unknown,,,,,,,,,,,
Lory,Lory,E33,Scaly Breasted Lory,CKRA127,CKR0110,6135,10-02-2022,Unknown,,,,,,,,,,,
Lory,Lory,E34,Swainson Lory,CKR221,CKR361,6136,10-02-2022,Unknown,,,,,,,,,,,
Lory,Lory,D39,Olive Swainson Lory + Swainson Lory,CKR228,CKR378,6137,10-02-2022,Unknown,,,,,,,,,,,
Lory,Lory,E42,Swainson Lory,CKRA438,CKRA435,6138,10-02-2022,Unknown,,,,,,,,,,,
Lory,Lory,E44,Green Napped Lory,CKR073,CKR354,6139,10-02-2022,Unknown,,,,,,,,,,,
Lory,Lory,E45,Scaly Breasted Lory,TC6AQ238,AP8377,6140,10-02-2022,Unknown,,,,,,,,,,,
Lory,Lory,D46,Red Collared Lory,MVF845,BB858/11-126,6141,10-02-2022,Unknown,,,,,,,,,,,
Lory,Lory,D48,Red Collared Lory,CKRC303,CKRC291,6142,10-02-2022,Unknown,,,,,,,,,,,
Lory,Lory,I7,Caique,,,6143,10-02-2022,Unknown,,,,,,,,,,,
