Aviary,Group,Species,Section,Rawmaterial,Target,Actualtype
Garden,Lory,Red Lory , ,,,
,,,MORNING,WhiteChanna(g),0.2, 
,,,,BlackChanna(g),0.2, 
,,,,GreenGram(g),, 
,,,,Guava(Kg)-100g,, 
,,,,Papaya(Kg)-0,, 
,,, ,Carrot(Kg)-100g,, 
,,,,Beetroot(Kg)-k0,, 
,,,,GreenPeas,0.05, 
,,,,SoyaPeas,0.05, 
,,,,SoyaPeas,2-3L, 
,,,,Waterquantityforboiling(L),300to1L, 
,,,,Waterquantityformixing(L),0.2, 
,,,,,,
,,,AFTERNOON,WhiteChanna(g),0.1, 
 , , ,,BlackChanna(g),0.1, 
,,,,GreenGram(g),0.2, 
,,,,Guava(Kg)-100g,, 
,,,,Papaya(Kg)-0,, 
,,, ,Carrot(Kg)-100g,, 
,,,,Beetroot(Kg)-k0,0.05, 
,,,,GreenPeas,0.05, 
,,,,SoyaPeas,2-3L, 
,,,,Waterquantityforboiling(L),300to1L, 
,,,,Waterquantityformixing(L),5-10L, 
,,,,,,
Garden,LORY,Black Capped Lory,,,,
,,,MORNING,WhiteChanna(g),0.2, 
,,,,BlackChanna(g),0.2, 
,,,,GreenGram(g),, 
,,,,Guava(Kg)-100g,, 
,,,,Papaya(Kg)-0,, 
,,,,Carrot(Kg)-100g,, 
,,, ,Beetroot(Kg)-k0,, 
,,,,GreenPeas,0.05, 
,,,,SoyaPeas,0.05, 
,,,,SoyaPeas,2-3L, 
,,,,Waterquantityforboiling(L),300to1L, 
,,,,Waterquantityformixing(L),0.2, 
,,,,,,
 , , ,AFTERNOON,WhiteChanna(g),0.1, 
,,,,BlackChanna(g),0.1, 
,,,,GreenGram(g),0.2, 
,,,,Guava(Kg)-100g,, 
,,,,Papaya(Kg)-0,, 
,,,,Carrot(Kg)-100g,, 
,,,,Beetroot(Kg)-k0,0.05, 
,,, ,GreenPeas,0.05, 
,,,,SoyaPeas,2-3L, 
,,,,Waterquantityforboiling(L),300to1L, 
,,,,Waterquantityformixing(L),5-10L, 
,,,,,,
Garden,LORY,Yellow Bibbed Lory, , , , 
,,,MORNING,WhiteChanna(g),0.2, 
,,,,BlackChanna(g),0.2, 
,,,,GreenGram(g),, 
,,,,Guava(Kg)-100g,, 
,,, ,Papaya(Kg)-0,, 
,,,,Carrot(Kg)-100g,, 
,,,,Beetroot(Kg)-k0,, 
,,,,GreenPeas,0.05, 
,,,,SoyaPeas,0.05, 
,,,,SoyaPeas,2-3L, 
,,,,Waterquantityforboiling(L),300to1L, 
,,,,Waterquantityformixing(L),0.2, 
,,,,,,
 , , ,AFTERNOON,WhiteChanna(g),0.1, 
,,,,BlackChanna(g),0.1, 
,,,,GreenGram(g),0.2, 
,,,,Guava(Kg)-100g,, 
,,,,Papaya(Kg)-0,, 
,,, ,Carrot(Kg)-100g,, 
,,,,Beetroot(Kg)-k0,0.05, 
,,,,GreenPeas,0.05, 
,,,,SoyaPeas,2-3L, 
,,,,Waterquantityforboiling(L),300to1L, 
,,,,Waterquantityformixing(L),5-10L, 
 , , , , , , 
Garden,LORY,Red Lory ,,,, 
,,,MORNING,WhiteChanna(g),0.2, 
,,,,BlackChanna(g),0.2, 
,,,,GreenGram(g),, 
,,,,Guava(Kg)-100g,, 
,,, ,Papaya(Kg)-0,, 
,,,,Carrot(Kg)-100g,, 
,,,,Beetroot(Kg)-k0,, 
,,,,GreenPeas,0.05, 
,,,,SoyaPeas,0.05, 
,,,,SoyaPeas,2-3L, 
,,,,Waterquantityforboiling(L),300to1L, 
,,,,Waterquantityformixing(L),0.2, 
,,,,,,
 , , ,AFTERNOON,WhiteChanna(g),0.1, 
,,,,BlackChanna(g),0.1, 
,,,,GreenGram(g),0.2, 
,,,,Guava(Kg)-100g,, 
,,,,Papaya(Kg)-0,, 
,,, ,Carrot(Kg)-100g,, 
,,,,Beetroot(Kg)-k0,0.05, 
,,,,GreenPeas,0.05, 
,,,,SoyaPeas,2-3L, 
,,,,Waterquantityforboiling(L),300to1L, 
,,,,Waterquantityformixing(L),5-10L, 
 , , , , , , 
Garden,LORY,Chattering Lory,,,, 
,,,MORNING,WhiteChanna(g),0.2, 
,,,,BlackChanna(g),0.2, 
,,,,GreenGram(g),, 
,,,,Guava(Kg)-100g,, 
,,, ,Papaya(Kg)-0,, 
,,,,Carrot(Kg)-100g,, 
,,,,Beetroot(Kg)-k0,, 
,,,,GreenPeas,0.05, 
,,,,SoyaPeas,0.05, 
,,,,SoyaPeas,2-3L, 
 , , ,,Waterquantityforboiling(L),300to1L, 
,,,,Waterquantityformixing(L),0.2, 
,,,,,,
,,,AFTERNOON,WhiteChanna(g),0.1, 
,,,,BlackChanna(g),0.1, 
,,,,GreenGram(g),0.2, 
,,,,Guava(Kg)-100g,, 
,,,,Papaya(Kg)-0,, 
,,, ,Carrot(Kg)-100g,, 
,,,,Beetroot(Kg)-k0,0.05, 
,,,,GreenPeas,0.05, 
,,,,SoyaPeas,2-3L, 
,,,,Waterquantityforboiling(L),300to1L, 
,,,,Waterquantityformixing(L),5-10L, 
,,,, , , 
Sales,LORY,Black Capped Chatting Lory, , , , 
,,,MORNING,WhiteChanna(g),0.2, 
,,,,BlackChanna(g),0.2, 
,,,,GreenGram(g),, 
,,,,Guava(Kg)-100g,, 
,,, ,Papaya(Kg)-0,, 
,,,,Carrot(Kg)-100g,, 
,,,,Beetroot(Kg)-k0,, 
,,,,GreenPeas,0.05, 
,,,,SoyaPeas,0.05, 
,,,,SoyaPeas,2-3L, 
,,,,Waterquantityforboiling(L),300to1L, 
 , , ,,Waterquantityformixing(L),0.2, 
,,,,,,
,,,AFTERNOON,WhiteChanna(g),0.1, 
,,,,BlackChanna(g),0.1, 
,,,,GreenGram(g),0.2, 
,,,,Guava(Kg)-100g,, 
,,,,Papaya(Kg)-0,, 
,,, ,Carrot(Kg)-100g,, 
,,,,Beetroot(Kg)-k0,0.05, 
,,,,GreenPeas,0.05, 
,,,,SoyaPeas,2-3L, 
,,,,Waterquantityforboiling(L),300to1L, 
,,,,Waterquantityformixing(L),5-10L, 
 , , , , , , 
Sales,LORY,Black Capped Lory, , , , 
,,,MORNING,WhiteChanna(g),0.2, 
,,,,BlackChanna(g),0.2, 
,,,,GreenGram(g),, 
,,,,Guava(Kg)-100g,, 
,,, ,Papaya(Kg)-0,, 
,,,,Carrot(Kg)-100g,, 
,,,,Beetroot(Kg)-k0,, 
,,,,GreenPeas,0.05, 
,,,,SoyaPeas,0.05, 
,,,,SoyaPeas,2-3L, 
,,,,Waterquantityforboiling(L),300to1L, 
 , , ,,Waterquantityformixing(L),0.2, 
,,,,,,
,,,AFTERNOON,WhiteChanna(g),0.1, 
,,,,BlackChanna(g),0.1, 
,,,,GreenGram(g),0.2, 
,,,,Guava(Kg)-100g,, 
,,,,Papaya(Kg)-0,, 
,,, ,Carrot(Kg)-100g,, 
,,,,Beetroot(Kg)-k0,0.05, 
,,,,GreenPeas,0.05, 
,,,,SoyaPeas,2-3L, 
,,,,Waterquantityforboiling(L),300to1L, 
,,,,Waterquantityformixing(L),5-10L, 
,,,,,,
Garden,Conure,Golden Conure, , , , 
,,,MORNING,WhiteChanna,0.3, 
,,,,BlackChanna,0.05, 
,,,,GreenGram,0.05, 
,,,,Guava-2kg,4, 
,,, ,Papaya-2kg,, 
,,,,Egg-Amazon(3eggs),0.125, 
,,,,Egg-ParrotAruvi(10eggs),.200g, 
 , , ,,Egg-cockatoo(16eggs),0.56, 
,,,,solai-macaw(5eggs),.200g, 
,,,,thendral&solaimacaw(21eggs)consecutivedays(15eggs),.330g, 
,,,,Waterquantityforboiling,3-5L, 
,,,,Waterquantityformixing,500ML, 
,,,,,,
,,,AFTERNOON,Sunflowerseeds(Kg),3.7, 
,,, ,Waterquantityforboiling,5-10L, 
,,,, , , 
Garden,Conure,Sun Conure, , , , 
,,,MORNING,WhiteChanna,0.3, 
,,,,BlackChanna,0.05, 
,,,,GreenGram,0.05, 
,,,,Guava-2kg,4, 
,,, ,Papaya-2kg,, 
,,,,Egg-Amazon(3eggs),0.125, 
,,,,Egg-ParrotAruvi(10eggs),.200g, 
 , , ,,Egg-cockatoo(16eggs),0.56, 
,,,,solai-macaw(5eggs),.200g, 
,,,,thendral&solaimacaw(21eggs)consecutivedays(15eggs),.330g, 
,,,,Waterquantityforboiling,3-5L, 
,,,,Waterquantityformixing,500ML, 
,,,,,,
,,,AFTERNOON,Sunflowerseeds(Kg),3.7, 
,,, ,Waterquantityforboiling,5-10L, 
,,,, , , 
Sales,Conure,Crimson Bellied Conure, , , , 
,,,MORNING,WhiteChanna,0.3, 
,,,,BlackChanna,0.05, 
,,,,GreenGram,0.05, 
,,,,Guava-2kg,4, 
,,, ,Papaya-2kg,, 
,,,,Egg-Amazon(3eggs),0.125, 
,,,,Egg-ParrotAruvi(10eggs),.200g, 
 , , ,,Egg-cockatoo(16eggs),0.56, 
,,,,solai-macaw(5eggs),.200g, 
,,,,thendral&solaimacaw(21eggs)consecutivedays(15eggs),.330g, 
,,,,Waterquantityforboiling,3-5L, 
,,,,Waterquantityformixing,500ML, 
,,,,,,
,,,AFTERNOON,Sunflowerseeds(Kg),3.7, 
,,, ,Waterquantityforboiling,5-10L, 
 , , , , , , 
Sales,Conure,Nanday Conure, , , , 
,,,MORNING,WhiteChanna,0.3, 
,,,,BlackChanna,0.05, 
,,,,GreenGram,0.05, 
,,,,Guava-2kg,4, 
,,, ,Papaya-2kg,, 
,,,,Egg-Amazon(3eggs),0.125, 
,,,,Egg-ParrotAruvi(10eggs),.200g, 
 , , ,,Egg-cockatoo(16eggs),0.56, 
,,,,solai-macaw(5eggs),.200g, 
,,,,thendral&solaimacaw(21eggs)consecutivedays(15eggs),.330g, 
,,,,Waterquantityforboiling,3-5L, 
,,,,Waterquantityformixing,500ML, 
,,,,,,
,,,AFTERNOON,Sunflowerseeds(Kg),3.7, 
,,, ,Waterquantityforboiling,5-10L, 
,,,, , , 
Sales,Conure,Nansun Conure, , , , 
,,,MORNING,WhiteChanna,0.3, 
,,,,BlackChanna,0.05, 
,,,,GreenGram,0.05, 
,,,,Guava-2kg,4, 
,,, ,Papaya-2kg,, 
,,,,Egg-Amazon(3eggs),0.125, 
,,,,Egg-ParrotAruvi(10eggs),.200g, 
 , , ,,Egg-cockatoo(16eggs),0.56, 
,,,,solai-macaw(5eggs),.200g, 
,,,,thendral&solaimacaw(21eggs)consecutivedays(15eggs),.330g, 
,,,,Waterquantityforboiling,3-5L, 
,,,,Waterquantityformixing,500ML, 
,,,,,,
,,,AFTERNOON,Sunflowerseeds(Kg),3.7, 
,,, ,Waterquantityforboiling,5-10L, 
,,,, , , 
Sales,Conure,Redmask Conure, , , , 
,,,MORNING,WhiteChanna,0.3, 
,,,,BlackChanna,0.05, 
,,,,GreenGram,0.05, 
,,,,Guava-2kg,4, 
,,, ,Papaya-2kg,, 
,,,,Egg-Amazon(3eggs),0.125, 
,,,,Egg-ParrotAruvi(10eggs),.200g, 
 , , ,,Egg-cockatoo(16eggs),0.56, 
,,,,solai-macaw(5eggs),.200g, 
,,,,thendral&solaimacaw(21eggs)consecutivedays(15eggs),.330g, 
,,,,Waterquantityforboiling,3-5L, 
,,,,Waterquantityformixing,500ML, 
,,,,,,
,,,AFTERNOON,Sunflowerseeds(Kg),3.7, 
,,, ,Waterquantityforboiling,5-10L, 
,,,, , , 
Sales,Conure,Sun&Janday Conure, , , , 
,,,MORNING,WhiteChanna,0.3, 
,,,,BlackChanna,0.05, 
,,,,GreenGram,0.05, 
,,,,Guava-2kg,4, 
,,, ,Papaya-2kg,, 
,,,,Egg-Amazon(3eggs),0.125, 
,,,,Egg-ParrotAruvi(10eggs),.200g, 
 , , ,,Egg-cockatoo(16eggs),0.56, 
,,,,solai-macaw(5eggs),.200g, 
,,,,thendral&solaimacaw(21eggs)consecutivedays(15eggs),.330g, 
,,,,Waterquantityforboiling,3-5L, 
,,,,Waterquantityformixing,500ML, 
,,,,,,
,,,AFTERNOON,Sunflowerseeds(Kg),3.7, 
,,, ,Waterquantityforboiling,5-10L, 
 , , , , , , 
Sales,Conure,Sun Conure, , , , 
,,,MORNING,WhiteChanna,0.3, 
,,,,BlackChanna,0.05, 
,,,,GreenGram,0.05, 
,,,,Guava-2kg,4, 
,,, ,Papaya-2kg,, 
,,,,Egg-Amazon(3eggs),0.125, 
,,,,Egg-ParrotAruvi(10eggs),.200g, 
 , , ,,Egg-cockatoo(16eggs),0.56, 
,,,,solai-macaw(5eggs),.200g, 
,,,,thendral&solaimacaw(21eggs)consecutivedays(15eggs),.330g, 
,,,,Waterquantityforboiling,3-5L, 
,,,,Waterquantityformixing,500ML, 
,,,,,,
,,,AFTERNOON,Sunflowerseeds(Kg),3.7, 
,,, ,Waterquantityforboiling,5-10L, 
,,,,,,
Garden,Lorikeet,Green Napped Lorikeet,, , , 
 , , ,MORNING,WhiteChanna(g),0.2, 
,,,,BlackChanna(g),0.2, 
,,,,GreenGram(g),, 
,,,,Guava(Kg)-100g,, 
,,,,Papaya(Kg)-0,, 
,,, ,Carrot(Kg)-100g,, 
,,,,Beetroot(Kg)-k0,, 
,,,,GreenPeas,0.05, 
,,,,SoyaPeas,0.05, 
,,,,SoyaPeas,2-3L, 
,,,,Waterquantityforboiling(L),300to1L, 
,,,,Waterquantityformixing(L),0.2, 
,,,,,,
,,,AFTERNOON,WhiteChanna(g),0.1, 
 , , ,,BlackChanna(g),0.1, 
,,,,GreenGram(g),0.2, 
,,,,Guava(Kg)-100g,, 
,,,,Papaya(Kg)-0,, 
,,, ,Carrot(Kg)-100g,, 
,,,,Beetroot(Kg)-k0,0.05, 
,,,,GreenPeas,0.05, 
,,,,SoyaPeas,2-3L, 
,,,,Waterquantityforboiling(L),300to1L, 
,,,,Waterquantityformixing(L),5-10L, 
,,,,,,
Garden,Lorikeet,Oliveswainson Lorikeet, , , , 
 , , ,MORNING,WhiteChanna(g),0.2, 
,,,,BlackChanna(g),0.2, 
,,,,GreenGram(g),, 
,,,,Guava(Kg)-100g,, 
,,,,Papaya(Kg)-0,, 
,,, ,Carrot(Kg)-100g,, 
,,,,Beetroot(Kg)-k0,, 
,,,,GreenPeas,0.05, 
,,,,SoyaPeas,0.05, 
,,,,SoyaPeas,2-3L, 
,,,,Waterquantityforboiling(L),300to1L, 
,,,,Waterquantityformixing(L),0.2, 
,,,,,,
,,,AFTERNOON,WhiteChanna(g),0.1, 
 , , ,,BlackChanna(g),0.1, 
,,,,GreenGram(g),0.2, 
,,,,Guava(Kg)-100g,, 
,,,,Papaya(Kg)-0,, 
,,, ,Carrot(Kg)-100g,, 
,,,,Beetroot(Kg)-k0,0.05, 
,,,,GreenPeas,0.05, 
,,,,SoyaPeas,2-3L, 
,,,,Waterquantityforboiling(L),300to1L, 
,,,,Waterquantityformixing(L),5-10L, 
 , , , , , , 
Garden,Lorikeet,Redcollar Lorikeet,,,,
 , , ,MORNING,WhiteChanna(g),0.2, 
,,,,BlackChanna(g),0.2, 
,,,,GreenGram(g),, 
,,,,Guava(Kg)-100g,, 
,,,,Papaya(Kg)-0,, 
,,, ,Carrot(Kg)-100g,, 
,,,,Beetroot(Kg)-k0,, 
,,,,GreenPeas,0.05, 
,,,,SoyaPeas,0.05, 
,,,,SoyaPeas,2-3L, 
,,,,Waterquantityforboiling(L),300to1L, 
,,,,Waterquantityformixing(L),0.2, 
,,,,,,
,,,AFTERNOON,WhiteChanna(g),0.1, 
 , , ,,BlackChanna(g),0.1, 
,,,,GreenGram(g),0.2, 
,,,,Guava(Kg)-100g,, 
,,,,Papaya(Kg)-0,, 
,,, ,Carrot(Kg)-100g,, 
,,,,Beetroot(Kg)-k0,0.05, 
,,,,GreenPeas,0.05, 
,,,,SoyaPeas,2-3L, 
,,,,Waterquantityforboiling(L),300to1L, 
,,,,Waterquantityformixing(L),5-10L, 
,,,,,,
Garden,Lorikeet,Swainson Lorikeet, , , , 
 , , ,MORNING,WhiteChanna(g),0.2, 
,,,,BlackChanna(g),0.2, 
,,,,GreenGram(g),, 
,,,,Guava(Kg)-100g,, 
,,,,Papaya(Kg)-0,, 
,,, ,Carrot(Kg)-100g,, 
,,,,Beetroot(Kg)-k0,, 
,,,,GreenPeas,0.05, 
,,,,SoyaPeas,0.05, 
,,,,SoyaPeas,2-3L, 
,,,,Waterquantityforboiling(L),300to1L, 
,,,,Waterquantityformixing(L),0.2, 
,,,,,,
,,,AFTERNOON,WhiteChanna(g),0.1, 
 , , ,,BlackChanna(g),0.1, 
,,,,GreenGram(g),0.2, 
,,,,Guava(Kg)-100g,, 
,,,,Papaya(Kg)-0,, 
,,, ,Carrot(Kg)-100g,, 
,,,,Beetroot(Kg)-k0,0.05, 
,,,,GreenPeas,0.05, 
,,,,SoyaPeas,2-3L, 
,,,,Waterquantityforboiling(L),300to1L, 
,,,,Waterquantityformixing(L),5-10L, 
,,,,,,
Garden,Lorikeet,Olive Red Coller Lorikeet, , , , 
 , , ,MORNING,WhiteChanna(g),0.2, 
,,,,BlackChanna(g),0.2, 
,,,,GreenGram(g),, 
,,,,Guava(Kg)-100g,, 
,,,,Papaya(Kg)-0,, 
,,, ,Carrot(Kg)-100g,, 
,,,,Beetroot(Kg)-k0,, 
,,,,GreenPeas,0.05, 
,,,,SoyaPeas,0.05, 
,,,,SoyaPeas,2-3L, 
,,,,Waterquantityforboiling(L),300to1L, 
,,,,Waterquantityformixing(L),0.2, 
,,,,,,
,,,AFTERNOON,WhiteChanna(g),0.1, 
 , , ,,BlackChanna(g),0.1, 
,,,,GreenGram(g),0.2, 
,,,,Guava(Kg)-100g,, 
,,,,Papaya(Kg)-0,, 
,,, ,Carrot(Kg)-100g,, 
,,,,Beetroot(Kg)-k0,0.05, 
,,,,GreenPeas,0.05, 
,,,,SoyaPeas,2-3L, 
,,,,Waterquantityforboiling(L),300to1L, 
,,,,Waterquantityformixing(L),5-10L, 
,,,,,,
Aruvi,Amazon,Cuban Amazon, , , , 
,,,MORNING,WhiteChanna,0.3, 
,,,,BlackChanna,0.05, 
,,,,GreenGram,0.05, 
,,,,Guava-2kg,4, 
,,, ,Papaya-2kg,, 
,,,,Egg-Amazon(3eggs),0.125, 
,,,,Egg-ParrotAruvi(10eggs),.200g, 
 , , ,,Egg-cockatoo(16eggs),0.56, 
,,,,solai-macaw(5eggs),.200g, 
,,,,thendral&solaimacaw(21eggs)consecutivedays(15eggs),.330g, 
,,,,Waterquantityforboiling,3-5L, 
,,,,Waterquantityformixing,500ML, 
,,,,,,
,,,AFTERNOON,Sunflowerseeds(Kg),3.7, 
,,, ,Waterquantityforboiling,5-10L, 
,,,,,,
Aruvi,Amazon,Red Lored Amazon, , , , 
,,,MORNING,WhiteChanna,0.3, 
,,,,BlackChanna,0.05, 
,,,,GreenGram,0.05, 
,,,,Guava-2kg,4, 
,,, ,Papaya-2kg,, 
,,,,Egg-Amazon(3eggs),0.125, 
,,,,Egg-ParrotAruvi(10eggs),.200g, 
 , , ,,Egg-cockatoo(16eggs),0.56, 
,,,,solai-macaw(5eggs),.200g, 
,,,,thendral&solaimacaw(21eggs)consecutivedays(15eggs),.330g, 
,,,,Waterquantityforboiling,3-5L, 
,,,,Waterquantityformixing,500ML, 
,,,,,,
,,,AFTERNOON,Sunflowerseeds(Kg),3.7, 
,,, ,Waterquantityforboiling,5-10L, 
,,,,,,
Aruvi,Amazon,Blue Fronted Amazon, , , , 
,,,MORNING,WhiteChanna,0.3, 
,,,,BlackChanna,0.05, 
,,,,GreenGram,0.05, 
,,,,Guava-2kg,4, 
,,, ,Papaya-2kg,, 
,,,,Egg-Amazon(3eggs),0.125, 
,,,,Egg-ParrotAruvi(10eggs),.200g, 
 , , ,,Egg-cockatoo(16eggs),0.56, 
,,,,solai-macaw(5eggs),.200g, 
,,,,thendral&solaimacaw(21eggs)consecutivedays(15eggs),.330g, 
,,,,Waterquantityforboiling,3-5L, 
,,,,Waterquantityformixing,500ML, 
,,,,,,
,,,AFTERNOON,Sunflowerseeds(Kg),3.7, 
,,, ,Waterquantityforboiling,5-10L, 
 , , , , , , 
Aruvi,Amazon,Double Yellow Headed Amazon, , , , 
,,,MORNING,WhiteChanna,0.3, 
,,,,BlackChanna,0.05, 
,,,,GreenGram,0.05, 
,,,,Guava-2kg,4, 
,,, ,Papaya-2kg,, 
,,,,Egg-Amazon(3eggs),0.125, 
,,,,Egg-ParrotAruvi(10eggs),.200g, 
 , , ,,Egg-cockatoo(16eggs),0.56, 
,,,,solai-macaw(5eggs),.200g, 
,,,,thendral&solaimacaw(21eggs)consecutivedays(15eggs),.330g, 
,,,,Waterquantityforboiling,3-5L, 
,,,,Waterquantityformixing,500ML, 
,,,,,,
,,,AFTERNOON,Sunflowerseeds(Kg),3.7, 
,,, ,Waterquantityforboiling,5-10L, 
,,,, , , 
Sales,Pionus,White Headed pionus, , , , 
,,,MORNING,WhiteChanna,0.3, 
,,,,BlackChanna,0.05, 
,,,,GreenGram,0.05, 
,,,,Guava-2kg,4, 
,,, ,Papaya-2kg,, 
,,,,Egg-Amazon(3eggs),0.125, 
,,,,Egg-ParrotAruvi(10eggs),.200g, 
 , , ,,Egg-cockatoo(16eggs),0.56, 
,,,,solai-macaw(5eggs),.200g, 
,,,,thendral&solaimacaw(21eggs)consecutivedays(15eggs),.330g, 
,,,,Waterquantityforboiling,3-5L, 
,,,,Waterquantityformixing,500ML, 
,,,,,,
,,,AFTERNOON,Sunflowerseeds(Kg),3.7, 
,,, ,Waterquantityforboiling,5-10L, 
,,,, , , 
Aruvi,Cockatoo,Timney Grey Parrot, , , , 
,,,MORNING,WhiteChanna,0.3, 
,,,,BlackChanna,0.05, 
,,,,GreenGram,0.05, 
,,,,Guava-2kg,4, 
,,, ,Papaya-2kg,, 
,,,,Egg-Amazon(3eggs),0.125, 
,,,,Egg-ParrotAruvi(10eggs),.200g, 
 , , ,,Egg-cockatoo(16eggs),0.56, 
,,,,solai-macaw(5eggs),.200g, 
,,,,thendral&solaimacaw(21eggs)consecutivedays(15eggs),.330g, 
,,,,Waterquantityforboiling,3-5L, 
,,,,Waterquantityformixing,500ML, 
,,,,,,
,,,AFTERNOON,Sunflowerseeds(Kg),3.7, 
,,, ,Waterquantityforboiling,5-10L, 
,,,, , , 
Aruvi,Cockatoo,Galah Cockatoo, , , , 
,,,MORNING,WhiteChanna,0.3, 
,,,,BlackChanna,0.05, 
,,,,GreenGram,0.05, 
,,,,Guava-2kg,4, 
,,, ,Papaya-2kg,, 
,,,,Egg-Amazon(3eggs),0.125, 
,,,,Egg-ParrotAruvi(10eggs),.200g, 
 , , ,,Egg-cockatoo(16eggs),0.56, 
,,,,solai-macaw(5eggs),.200g, 
,,,,thendral&solaimacaw(21eggs)consecutivedays(15eggs),.330g, 
,,,,Waterquantityforboiling,3-5L, 
,,,,Waterquantityformixing,500ML, 
,,,,,,
,,,AFTERNOON,Sunflowerseeds(Kg),3.7, 
,,, ,Waterquantityforboiling,5-10L, 
,,,, , , 
Garden,Cockatoo,Triton Cockatoo, , , , 
,,,MORNING,WhiteChanna,0.3, 
,,,,BlackChanna,0.05, 
,,,,GreenGram,0.05, 
,,,,Guava-2kg,4, 
,,, ,Papaya-2kg,, 
,,,,Egg-Amazon(3eggs),0.125, 
,,,,Egg-ParrotAruvi(10eggs),.200g, 
 , , ,,Egg-cockatoo(16eggs),0.56, 
,,,,solai-macaw(5eggs),.200g, 
,,,,thendral&solaimacaw(21eggs)consecutivedays(15eggs),.330g, 
,,,,Waterquantityforboiling,3-5L, 
,,,,Waterquantityformixing,500ML, 
,,,,,,
,,,AFTERNOON,Sunflowerseeds(Kg),3.7, 
,,, ,Waterquantityforboiling,5-10L, 
,,,, , , 
Sales,Cockatoo,Major Mitchal Galah  Cockatoo, , , , 
,,,MORNING,WhiteChanna,0.3, 
,,,,BlackChanna,0.05, 
,,,,GreenGram,0.05, 
,,,,Guava-2kg,4, 
,,, ,Papaya-2kg,, 
,,,,Egg-Amazon(3eggs),0.125, 
,,,,Egg-ParrotAruvi(10eggs),.200g, 
 , , ,,Egg-cockatoo(16eggs),0.56, 
,,,,solai-macaw(5eggs),.200g, 
,,,,thendral&solaimacaw(21eggs)consecutivedays(15eggs),.330g, 
,,,,Waterquantityforboiling,3-5L, 
,,,,Waterquantityformixing,500ML, 
,,,,,,
,,,AFTERNOON,Sunflowerseeds(Kg),3.7, 
,,, ,Waterquantityforboiling,5-10L, 
,,,, , , 
Solai,Cockatoo,Major Mitchell's Cockatoo, , , , 
,,,MORNING,WhiteChanna,0.3, 
,,,,BlackChanna,0.05, 
,,,,GreenGram,0.05, 
,,,,Guava-2kg,4, 
,,, ,Papaya-2kg,, 
,,,,Egg-Amazon(3eggs),0.125, 
,,,,Egg-ParrotAruvi(10eggs),.200g, 
 , , ,,Egg-cockatoo(16eggs),0.56, 
,,,,solai-macaw(5eggs),.200g, 
,,,,thendral&solaimacaw(21eggs)consecutivedays(15eggs),.330g, 
,,,,Waterquantityforboiling,3-5L, 
,,,,Waterquantityformixing,500ML, 
,,,,,,
,,,AFTERNOON,Sunflowerseeds(Kg),3.7, 
,,, ,Waterquantityforboiling,5-10L, 
,,,, , , 
Solai,Cockatoo,Triton Cockatoo, , , , 
,,,MORNING,WhiteChanna,0.3, 
,,,,BlackChanna,0.05, 
,,,,GreenGram,0.05, 
,,,,Guava-2kg,4, 
,,, ,Papaya-2kg,, 
,,,,Egg-Amazon(3eggs),0.125, 
,,,,Egg-ParrotAruvi(10eggs),.200g, 
 , , ,,Egg-cockatoo(16eggs),0.56, 
,,,,solai-macaw(5eggs),.200g, 
,,,,thendral&solaimacaw(21eggs)consecutivedays(15eggs),.330g, 
,,,,Waterquantityforboiling,3-5L, 
,,,,Waterquantityformixing,500ML, 
,,,,,,
,,,AFTERNOON,Sunflowerseeds(Kg),3.7, 
,,, ,Waterquantityforboiling,5-10L, 
,,,, , , 
Solai,Cockatoo,Mollucan Cockatoo, , , , 
,,,MORNING,WhiteChanna,0.3, 
,,,,BlackChanna,0.05, 
,,,,GreenGram,0.05, 
,,,,Guava-2kg,4, 
,,, ,Papaya-2kg,, 
,,,,Egg-Amazon(3eggs),0.125, 
,,,,Egg-ParrotAruvi(10eggs),.200g, 
 , , ,,Egg-cockatoo(16eggs),0.56, 
,,,,solai-macaw(5eggs),.200g, 
,,,,thendral&solaimacaw(21eggs)consecutivedays(15eggs),.330g, 
,,,,Waterquantityforboiling,3-5L, 
,,,,Waterquantityformixing,500ML, 
,,,,,,
,,,AFTERNOON,Sunflowerseeds(Kg),3.7, 
,,, ,Waterquantityforboiling,5-10L, 
,,,, , , 
Solai,Cockatoo,Medium Sulphur Cockatoo, , , , 
,,,MORNING,WhiteChanna,0.3, 
,,,,BlackChanna,0.05, 
,,,,GreenGram,0.05, 
,,,,Guava-2kg,4, 
,,, ,Papaya-2kg,, 
,,,,Egg-Amazon(3eggs),0.125, 
,,,,Egg-ParrotAruvi(10eggs),.200g, 
 , , ,,Egg-cockatoo(16eggs),0.56, 
,,,,solai-macaw(5eggs),.200g, 
,,,,thendral&solaimacaw(21eggs)consecutivedays(15eggs),.330g, 
,,,,Waterquantityforboiling,3-5L, 
,,,,Waterquantityformixing,500ML, 
,,,,,,
,,,AFTERNOON,Sunflowerseeds(Kg),3.7, 
,,, ,Waterquantityforboiling,5-10L, 
,,,, , , 
Vasantham,Cockatoo,Mollucan Cockatoo, , , , 
,,,MORNING,WhiteChanna,0.3, 
,,,,BlackChanna,0.05, 
,,,,GreenGram,0.05, 
,,,,Guava-2kg,4, 
,,, ,Papaya-2kg,, 
,,,,Egg-Amazon(3eggs),0.125, 
,,,,Egg-ParrotAruvi(10eggs),.200g, 
 , , ,,Egg-cockatoo(16eggs),0.56, 
,,,,solai-macaw(5eggs),.200g, 
,,,,thendral&solaimacaw(21eggs)consecutivedays(15eggs),.330g, 
,,,,Waterquantityforboiling,3-5L, 
,,,,Waterquantityformixing,500ML, 
,,,,,,
,,,AFTERNOON,Sunflowerseeds(Kg),3.7, 
,,, ,Waterquantityforboiling,5-10L, 
,,,, , , 
Vasantham,Cockatoo,Goffin Cockatoo, , , , 
,,,MORNING,WhiteChanna,0.3, 
,,,,BlackChanna,0.05, 
,,,,GreenGram,0.05, 
,,,,Guava-2kg,4, 
,,, ,Papaya-2kg,, 
,,,,Egg-Amazon(3eggs),0.125, 
,,,,Egg-ParrotAruvi(10eggs),.200g, 
 , , ,,Egg-cockatoo(16eggs),0.56, 
,,,,solai-macaw(5eggs),.200g, 
,,,,thendral&solaimacaw(21eggs)consecutivedays(15eggs),.330g, 
,,,,Waterquantityforboiling,3-5L, 
,,,,Waterquantityformixing,500ML, 
,,,,,,
,,,AFTERNOON,Sunflowerseeds(Kg),3.7, 
,,, ,Waterquantityforboiling,5-10L, 
,,,, , , 
Vasantham,Cockatoo,Medium Sulphur Cockatoo, , , , 
,,,MORNING,WhiteChanna,0.3, 
,,,,BlackChanna,0.05, 
,,,,GreenGram,0.05, 
,,,,Guava-2kg,4, 
,,, ,Papaya-2kg,, 
,,,,Egg-Amazon(3eggs),0.125, 
,,,,Egg-ParrotAruvi(10eggs),.200g, 
 , , ,,Egg-cockatoo(16eggs),0.56, 
,,,,solai-macaw(5eggs),.200g, 
,,,,thendral&solaimacaw(21eggs)consecutivedays(15eggs),.330g, 
,,,,Waterquantityforboiling,3-5L, 
,,,,Waterquantityformixing,500ML, 
,,,,,,
,,,AFTERNOON,Sunflowerseeds(Kg),3.7, 
,,, ,Waterquantityforboiling,5-10L, 
,,,, , , 
Vasantham,Cockatoo,Triton Cockatoo, , , , 
,,,MORNING,WhiteChanna,0.3, 
,,,,BlackChanna,0.05, 
,,,,GreenGram,0.05, 
,,,,Guava-2kg,4, 
,,, ,Papaya-2kg,, 
,,,,Egg-Amazon(3eggs),0.125, 
,,,,Egg-ParrotAruvi(10eggs),.200g, 
 , , ,,Egg-cockatoo(16eggs),0.56, 
,,,,solai-macaw(5eggs),.200g, 
,,,,thendral&solaimacaw(21eggs)consecutivedays(15eggs),.330g, 
,,,,Waterquantityforboiling,3-5L, 
,,,,Waterquantityformixing,500ML, 
,,,,,,
,,,AFTERNOON,Sunflowerseeds(Kg),3.7, 
,,, ,Waterquantityforboiling,5-10L, 
,,,, , , 
Vasantham,Cockatoo,Umbrella Cockatoo, , , , 
,,,MORNING,WhiteChanna,0.3, 
,,,,BlackChanna,0.05, 
,,,,GreenGram,0.05, 
,,,,Guava-2kg,4, 
,,, ,Papaya-2kg,, 
,,,,Egg-Amazon(3eggs),0.125, 
,,,,Egg-ParrotAruvi(10eggs),.200g, 
 , , ,,Egg-cockatoo(16eggs),0.56, 
,,,,solai-macaw(5eggs),.200g, 
,,,,thendral&solaimacaw(21eggs)consecutivedays(15eggs),.330g, 
,,,,Waterquantityforboiling,3-5L, 
,,,,Waterquantityformixing,500ML, 
,,,,,,
,,,AFTERNOON,Sunflowerseeds(Kg),3.7, 
,,, ,Waterquantityforboiling,5-10L, 
,,,, , , 
Aruvi,Parrot,Timney Grey Parrot, , , , 
,,,MORNING,WhiteChanna,0.3, 
,,,,BlackChanna,0.05, 
,,,,GreenGram,0.05, 
,,,,Guava-2kg,4, 
,,, ,Papaya-2kg,, 
,,,,Egg-Amazon(3eggs),0.125, 
,,,,Egg-ParrotAruvi(10eggs),.200g, 
 , , ,,Egg-cockatoo(16eggs),0.56, 
,,,,solai-macaw(5eggs),.200g, 
,,,,thendral&solaimacaw(21eggs)consecutivedays(15eggs),.330g, 
,,,,Waterquantityforboiling,3-5L, 
,,,,Waterquantityformixing,500ML, 
,,,,,,
,,,AFTERNOON,Sunflowerseeds(Kg),3.7, 
,,, ,Waterquantityforboiling,5-10L, 
,,,, , , 
,,,Nuts,Almond,100, 
,,, ,Macademia,10, 
,,,,Wallnut,20, 
,,,,BrazilNut,10, 
,,,,Hazzelnut,10, 
,,,,Cashew,20, 
,,,,Fig,20, 
,,,,Pista,20, 
 , , , , , , 
Aruvi,Parrot,Jardin, , , , 
,,,MORNING,WhiteChanna,0.3, 
,,,,BlackChanna,0.05, 
,,,,GreenGram,0.05, 
,,,,Guava-2kg,4, 
,,, ,Papaya-2kg,, 
,,,,Egg-Amazon(3eggs),0.125, 
,,,,Egg-ParrotAruvi(10eggs),.200g, 
 , , ,,Egg-cockatoo(16eggs),0.56, 
,,,,solai-macaw(5eggs),.200g, 
,,,,thendral&solaimacaw(21eggs)consecutivedays(15eggs),.330g, 
,,,,Waterquantityforboiling,3-5L, 
,,,,Waterquantityformixing,500ML, 
,,,,,,
,,,AFTERNOON,Sunflowerseeds(Kg),3.7, 
,,, ,Waterquantityforboiling,5-10L, 
,,,, , , 
,,,Nuts,Almond,100, 
,,, ,Macademia,10, 
,,,,Wallnut,20, 
,,,,BrazilNut,10, 
,,,,Hazzelnut,10, 
,,,,Cashew,20, 
,,,,Fig,20, 
,,,,Pista,20, 
,,,,,,
Sales,Parrot,Red Belly, , , , 
,,,MORNING,WhiteChanna,0.3, 
,,,,BlackChanna,0.05, 
,,,,GreenGram,0.05, 
,,,,Guava-2kg,4, 
,,, ,Papaya-2kg,, 
,,,,Egg-Amazon(3eggs),0.125, 
,,,,Egg-ParrotAruvi(10eggs),.200g, 
 , , ,,Egg-cockatoo(16eggs),0.56, 
,,,,solai-macaw(5eggs),.200g, 
,,,,thendral&solaimacaw(21eggs)consecutivedays(15eggs),.330g, 
,,,,Waterquantityforboiling,3-5L, 
,,,,Waterquantityformixing,500ML, 
,,,,,,
,,,AFTERNOON,Sunflowerseeds(Kg),3.7, 
,,, ,Waterquantityforboiling,5-10L, 
,,,, , , 
,,,Nuts,Almond,100, 
,,, ,Macademia,10, 
,,,,Wallnut,20, 
,,,,BrazilNut,10, 
,,,,Hazzelnut,10, 
,,,,Cashew,20, 
,,,,Fig,20, 
,,,,Pista,20, 
,,,,,,
 , , , , , , 
Solai,Parrot,Gray parrots, , , , 
,,,MORNING,WhiteChanna,0.3, 
,,,,BlackChanna,0.05, 
,,,,GreenGram,0.05, 
,,,,Guava-2kg,4, 
,,, ,Papaya-2kg,, 
,,,,Egg-Amazon(3eggs),0.125, 
,,,,Egg-ParrotAruvi(10eggs),.200g, 
 , , ,,Egg-cockatoo(16eggs),0.56, 
,,,,solai-macaw(5eggs),.200g, 
,,,,thendral&solaimacaw(21eggs)consecutivedays(15eggs),.330g, 
,,,,Waterquantityforboiling,3-5L, 
,,,,Waterquantityformixing,500ML, 
,,,,,,
,,,AFTERNOON,Sunflowerseeds(Kg),3.7, 
,,, ,Waterquantityforboiling,5-10L, 
,,,, , , 
,,,Nuts,Almond,100, 
,,, ,Macademia,10, 
,,,,Wallnut,20, 
,,,,BrazilNut,10, 
,,,,Hazzelnut,10, 
,,,,Cashew,20, 
,,,,Fig,20, 
,,,,Pista,20, 
,,,,,,
 , , , , , , 
Solai,Macaw,Blue and Gold Macaw, , , , 
,,,MORNING,WhiteChanna,0.3, 
,,,,BlackChanna,0.05, 
,,,,GreenGram,0.05, 
,,,,Guava-2kg,4, 
,,, ,Papaya-2kg,, 
,,,,Egg-Amazon(3eggs),0.125, 
,,,,Egg-ParrotAruvi(10eggs),.200g, 
 , , ,,Egg-cockatoo(16eggs),0.56, 
,,,,solai-macaw(5eggs),.200g, 
,,,,thendral&solaimacaw(21eggs)consecutivedays(15eggs),.330g, 
,,,,Waterquantityforboiling,3-5L, 
,,,,Waterquantityformixing,500ML, 
,,,,,,
,,,AFTERNOON,Sunflowerseeds(Kg),3.7, 
,,, ,Waterquantityforboiling,5-10L, 
,,,, , , 
,,,Nuts,Almond,70, 
,,, ,Macademia,10, 
,,,,Wallnut,10, 
,,,,BrazilNut,10, 
,,,,Hazzelnut,10, 
,,,,Cashew,10, 
,,,,Fig,20, 
,,,,Pista,10, 
,,,, , , 
,,,Evening,Almond,3, 
,,,,,,
Solai,Macaw,Green Wing Macaw, , , , 
,,,MORNING,WhiteChanna,0.3, 
,,,,BlackChanna,0.05, 
,,,,GreenGram,0.05, 
,,,,Guava-2kg,4, 
,,, ,Papaya-2kg,, 
,,,,Egg-Amazon(3eggs),0.125, 
,,,,Egg-ParrotAruvi(10eggs),.200g, 
 , , ,,Egg-cockatoo(16eggs),0.56, 
,,,,solai-macaw(5eggs),.200g, 
,,,,thendral&solaimacaw(21eggs)consecutivedays(15eggs),.330g, 
,,,,Waterquantityforboiling,3-5L, 
,,,,Waterquantityformixing,500ML, 
,,,,,,
,,,AFTERNOON,Sunflowerseeds(Kg),3.7, 
,,, ,Waterquantityforboiling,5-10L, 
,,,, , , 
,,,Nuts,Almond,70, 
,,, ,Macademia,10, 
,,,,Wallnut,10, 
,,,,BrazilNut,10, 
,,,,Hazzelnut,10, 
,,,,Cashew,10, 
,,,,Fig,20, 
,,,,Pista,10, 
,,,, , , 
,,,Evening,Almond,3, 
,,,,,,
 , , , , , , 
Solai,Macaw,Scarlet Macaw, , , , 
,,,MORNING,WhiteChanna,0.3, 
,,,,BlackChanna,0.05, 
,,,,GreenGram,0.05, 
,,,,Guava-2kg,4, 
,,, ,Papaya-2kg,, 
,,,,Egg-Amazon(3eggs),0.125, 
,,,,Egg-ParrotAruvi(10eggs),.200g, 
 , , ,,Egg-cockatoo(16eggs),0.56, 
,,,,solai-macaw(5eggs),.200g, 
,,,,thendral&solaimacaw(21eggs)consecutivedays(15eggs),.330g, 
,,,,Waterquantityforboiling,3-5L, 
,,,,Waterquantityformixing,500ML, 
,,,,,,
,,,AFTERNOON,Sunflowerseeds(Kg),3.7, 
,,, ,Waterquantityforboiling,5-10L, 
,,,, , , 
,,,Nuts,Almond,70, 
,,, ,Macademia,10, 
,,,,Wallnut,10, 
,,,,BrazilNut,10, 
,,,,Hazzelnut,10, 
,,,,Cashew,10, 
,,,,Fig,20, 
,,,,Pista,10, 
,,,, , , 
,,,Evening,Almond,3, 
 , , , , , , 
Thenral,Macaw,Green Wing Macaw, , , , 
,,,MORNING,WhiteChanna,0.3, 
,,,,BlackChanna,0.05, 
,,,,GreenGram,0.05, 
,,,,Guava-2kg,4, 
,,, ,Papaya-2kg,, 
,,,,Egg-Amazon(3eggs),0.125, 
,,,,Egg-ParrotAruvi(10eggs),.200g, 
 , , ,,Egg-cockatoo(16eggs),0.56, 
,,,,solai-macaw(5eggs),.200g, 
,,,,thendral&solaimacaw(21eggs)consecutivedays(15eggs),.330g, 
,,,,Waterquantityforboiling,3-5L, 
,,,,Waterquantityformixing,500ML, 
,,,,,,
,,,AFTERNOON,Sunflowerseeds(Kg),3.7, 
,,, ,Waterquantityforboiling,5-10L, 
,,,, , , 
,,,Nuts,Almond,70, 
,,, ,Macademia,10, 
,,,,Wallnut,10, 
,,,,BrazilNut,10, 
,,,,Hazzelnut,10, 
,,,,Cashew,10, 
,,,,Fig,20, 
,,,,Pista,10, 
,,,, , , 
,,,Evening,Almond,3, 
,,,,,,
Thenral,Macaw,Scarlet Macaw, , , , 
,,,MORNING,WhiteChanna,0.3, 
,,,,BlackChanna,0.05, 
,,,,GreenGram,0.05, 
,,,,Guava-2kg,4, 
,,, ,Papaya-2kg,, 
,,,,Egg-Amazon(3eggs),0.125, 
,,,,Egg-ParrotAruvi(10eggs),.200g, 
 , , ,,Egg-cockatoo(16eggs),0.56, 
,,,,solai-macaw(5eggs),.200g, 
,,,,thendral&solaimacaw(21eggs)consecutivedays(15eggs),.330g, 
,,,,Waterquantityforboiling,3-5L, 
,,,,Waterquantityformixing,500ML, 
,,,,,,
,,,AFTERNOON,Sunflowerseeds(Kg),3.7, 
,,, ,Waterquantityforboiling,5-10L, 
,,,, , , 
,,,Nuts,Almond,70, 
,,, ,Macademia,10, 
,,,,Wallnut,10, 
,,,,BrazilNut,10, 
,,,,Hazzelnut,10, 
,,,,Cashew,10, 
,,,,Fig,20, 
,,,,Pista,10, 
,,,, , , 
,,,Evening,Almond,3, 
,,,,,,
Thenral,Macaw,Blue and Gold Macaw, , , , 
,,,MORNING,WhiteChanna,0.3, 
,,,,BlackChanna,0.05, 
,,,,GreenGram,0.05, 
,,,,Guava-2kg,4, 
,,, ,Papaya-2kg,, 
,,,,Egg-Amazon(3eggs),0.125, 
,,,,Egg-ParrotAruvi(10eggs),.200g, 
 , , ,,Egg-cockatoo(16eggs),0.56, 
,,,,solai-macaw(5eggs),.200g, 
,,,,thendral&solaimacaw(21eggs)consecutivedays(15eggs),.330g, 
,,,,Waterquantityforboiling,3-5L, 
,,,,Waterquantityformixing,500ML,
,,,,,, 
,,,AFTERNOON,Sunflowerseeds(Kg),3.7, 
,,, ,Waterquantityforboiling,5-10L, 
,,,, , , 
,,,Nuts,Almond,70, 
,,, ,Macademia,10, 
,,,,Wallnut,10, 
,,,,BrazilNut,10, 
,,,,Hazzelnut,10, 
,,,,Cashew,10, 
,,,,Fig,20, 
,,,,Pista,10, 
,,,, , , 
,,,Evening,Almond,3, 
